Age,ContractType,Date,StockOut,StockIn,Stock
53,N9B,7/7/2016,1458.93,P2,86
68,N9Y,4/18/2016,408.23,LOW,2
68,N9Y,4/18/2016,1095.86,SMRT,2
51,N7T,9/15/2016,4688.98,PRP,35
66,N0P,3/17/2016,412.34,PRP,19
51,N8Y,3/10/2016,5285.15,LOW,22
62,N0R,8/30/2016,853.66,PRP,2
38,N0R,3/28/2016,1122.48,PRP,4
51,N7T,1/27/2016,355.65,TDP,5
36,N7L,2/5/2016,534.54,TDP,-4
48,N9E,2/4/2016,1469.92,P10,16
48,N9E,2/4/2016,255.21,SMRT,16
47,N9J,4/20/2016,1405.09,SMRT,-19
56,N9E,3/6/2016,1227.12,TDP,-1
39,N7M,1/11/2016,1231.06,LOW,4
56,N8R,4/20/2016,1947.12,TDP,11
54,N8Y,10/19/2016,1686.42,RMP,1
55,N9H,7/30/2016,1187.75,SMRT,2
22,N0R,7/15/2016,2429.83,PRP,-105
48,N9J,5/5/2016,441.07,F30,36
48,N9J,5/5/2016,441.07,P2,36
30,N9A,5/4/2016,1289.02,SMRT,16
47,N8Y,4/8/2016,745.23,LOW,2
68,N9E,2/4/2016,1274.93,TDP,1
57,N9B,4/5/2016,1142.88,LOW,5
46,N9V,10/3/2016,1873.23,LOW,2
60,N9B,6/2/2016,802.31,CB,43
44,N8T,9/28/2016,1458.42,TDP,3
67,N8S,3/29/2016,2506.5,SMRT,12
32,N8T,8/19/2016,3364.23,LOW,43
31,N9A,4/7/2016,897.63,F2,89
67,N8N,3/16/2016,1262.95,LOW,16
89,N9C,9/23/2016,1966.88,PRP,8
40,N0R,9/24/2016,1263.8,PRP,7
42,N7M,4/14/2016,704.26,LOW,1
44,N7M,1/12/2016,495.33,LOW,3
44,N7M,1/12/2016,1122.86,PRP,3
47,N7T,6/9/2016,922.91,FSP,-96
53,N7T,3/29/2016,1433.01,LOW,3
49,N7S,2/27/2016,2597.4,RMP15,-17
36,N7S,1/5/2016,719.79,PRP,0
50,N7S,6/4/2016,1008.23,SMRT,1
68,N7S,4/8/2016,735.22,P90,119
64,N7G,10/19/2016,548.5,TDP,13
54,N5V,7/20/2016,2354.14,PRP,0
50,N6G,3/10/2016,573.26,PRP,5
52,N6H,3/3/2016,408.07,TDP,7
53,N0P,1/9/2016,703.62,SMRT,1
45,N0P,2/24/2016,1781.75,RMP19,-9
50,N0N,4/19/2016,2529.18,TDP,12
45,N7V,7/29/2016,996.68,SMRT,17
55,N0N,2/8/2016,1530.71,TDP,2
49,N8M,6/6/2016,1328.42,RMP,-1
59,N9J,5/1/2016,1215.48,P5,157
67,N9A,4/28/2016,2658.74,LOW,7
67,N9A,4/28/2016,2658.74,RMP,7
58,N8N,1/31/2016,773.64,TDP,10
51,N8Y,1/27/2016,520.73,SMRT,5
59,N0R,9/30/2016,1522.69,PRP,1
52,N9G,7/4/2016,1411.16,LOW,6
40,N9B,1/15/2016,2850.64,LOW,0
43,N0R,2/22/2016,3413.56,PRP,22
58,N8T,5/27/2016,434.46,PRP,5
42,N9G,1/25/2016,2599.89,TDP,16
62,N9V,7/21/2016,1389.75,PRP,11
53,N8P,1/7/2016,607.87,SMRT,3
43,N9V,5/11/2016,1586,LOW,4
15,N0R,2/26/2016,216.14,TDP,-16
67,N9G,1/6/2016,936.03,P8,248
41,N0P,2/10/2016,191.84,SMRT,0
46,N8W,4/12/2016,638.65,TDP,3
49,N9A,1/26/2016,906.99,TDP,20
37,N8W,1/11/2016,1224.01,SMRT,30
56,N9V,9/29/2016,1024.93,PRP,2
45,N8W,1/14/2016,1462.66,PRP,1
46,N8N,1/10/2016,901.59,PRP,0
51,N9G,2/3/2016,1026.75,SMRT,2
36,N8H,1/21/2016,2045.57,P8,268
57,N8Y,8/30/2016,2591.95,SMRT,-10
55,N8S,8/8/2016,930.92,LOW,12
59,N8R,5/6/2016,1960.37,LOW,-1
50,N8N,1/5/2016,1323.78,PRP,10
44,N8Y,9/1/2016,853.73,PRP,4
42,N0R,7/21/2016,426.47,TDP,11
48,N9B,1/9/2016,5001.31,P7,214
50,N8R,1/23/2016,783.3,TDP,23
36,N9Y,1/15/2016,379.96,LOW,0
40,N0R,8/30/2016,1007.46,PRP,2
56,N8M,10/19/2016,1952.92,RMP,-29
58,N8Y,10/15/2016,105.73,PRP,-5
56,N9E,10/18/2016,2331.89,PRP,2
56,N9E,10/18/2016,2331.89,RMP19,2
35,N9E,2/4/2016,601.02,P2,66
56,N8W,4/8/2016,1776.11,PRP,7
49,N9K,8/31/2016,1861.27,P2,62
58,N9V,7/17/2016,1279.85,TDP,15
72,N9A,1/29/2016,817.11,PRP,3
41,N9B,10/22/2016,581.47,PRP,10
41,N8S,4/22/2016,1739.09,PRP,9
36,N8H,4/21/2016,2693.39,SMRT,10
46,N9E,9/14/2016,1312.48,TDP,17
49,N8H,2/19/2016,2975.91,PRP,1
45,N9G,3/28/2016,1074.65,PRP,4
58,N9Y,3/10/2016,2637.6,PRP,0
43,N8S,3/14/2016,1451.15,SMRT,6
15,N8X,3/29/2016,170.51,TDP,3
15,N9H,4/21/2016,656.37,TDP,-11
58,N8S,4/30/2016,4836.14,BK0,-25
59,N8X,5/17/2016,926.08,TDP,15
55,N8S,4/12/2016,2455.41,LOW,19
58,N8H,1/4/2016,1316.19,PRP,11
38,N8W,3/5/2016,204.68,LOW,0
53,N9G,1/8/2016,1810.43,PRP,2
56,N7M,1/18/2016,1162.32,PRP,-17
31,N8R,5/4/2016,827.72,TDP,1
51,N9E,8/12/2016,721.43,TDP,-2
63,N9B,7/19/2016,802.59,TDP,13
51,N8Y,9/14/2016,4771.76,TDP,21
58,N9G,2/29/2016,13447.3,SMRT,1
50,N9H,3/29/2016,1455.51,PRP,17
73,N8S,4/7/2016,1015.63,PRP,3
45,N8N,10/17/2016,991.39,TDP,15
57,N0R,2/22/2016,1865.89,SMRT,8
37,N8T,9/28/2016,2232.41,LOW,17
50,N9V,5/28/2016,1785.48,LOW,8
47,N8M,2/16/2016,1524.55,PRP,14
36,N8N,7/18/2016,3344.98,PRP,18
65,N9V,1/18/2016,559.19,PRP,2
65,N9C,4/20/2016,941.18,LOW,-5
42,N5Z,1/24/2016,1111.6,PRP,22
45,N8Y,2/2/2016,528.58,SMRT,-1
40,N9E,1/16/2016,1153.49,P5,176
39,N9E,10/1/2016,1067.04,TDP,0
55,N8W,5/31/2016,388.74,SMRT,1
48,N9V,2/2/2016,492.01,PRP,3
56,N8S,8/5/2016,3019.1,P2,61
52,N0R,9/1/2016,1492.03,TDP,4
75,N8Y,4/4/2016,275.61,SMRT,-3
61,N8N,3/9/2016,3879.21,P90,118
45,N8S,1/8/2016,557.5,SMRT,-3
63,N8N,2/2/2016,1102.41,TDP,18
15,N9B,1/13/2016,731.87,TDP,-3
60,N0R,10/31/2016,779.92,PRP,1
58,N9V,9/22/2016,1133.41,SMRT,9
73,N8W,8/30/2016,2535.74,PRP,2
40,N8W,2/10/2016,828.41,TDP,0
38,N8Y,9/9/2016,1082.36,TDP,1
40,N9E,10/28/2016,757.86,LOW,-13
64,N8S,9/14/2016,1791.63,LOW,21
62,N8S,9/29/2016,2543.01,PRP,6
38,N9Y,7/18/2016,723.75,PRP,-3
62,N8S,2/27/2016,816.14,P4,125
62,N8S,2/27/2016,816.14,P5,125
53,N9J,2/16/2016,1850.7,PRP,-1
55,N9V,5/20/2016,1121.94,F3,108
53,N8W,1/14/2016,850.16,SMRT,-13
45,N9A,3/28/2016,924.3,RMP,-37
54,N9B,5/13/2016,459.99,TDP,2
69,N8R,6/17/2016,1837.71,P90,120
35,N9E,3/1/2016,497.45,TDP,0
45,N8R,10/26/2016,1509.82,LOW,6
55,N0R,3/16/2016,1960.14,F30,35
70,N8S,5/12/2016,5852.46,PRP,34
70,N8S,5/12/2016,1651.99,TDP,34
41,N9E,9/30/2016,1162.86,PRP,1
45,N8X,3/9/2016,883.79,F90,88
48,N9J,3/5/2016,821.77,PRP,10
48,N9A,2/23/2016,637.82,TDP,7
68,N8M,6/7/2016,1062.38,TDP,-2
38,N9E,1/11/2016,1287.41,LOW,4
55,N8Y,4/29/2016,173.38,P90,94
33,N8M,1/23/2016,2074.74,PRP,13
35,N0R,3/28/2016,300.77,LOW,4
38,N9V,8/5/2016,470.85,PRP,0
33,N8H,3/9/2016,3122.99,SMRT,-8
43,N7L,1/13/2016,812.36,CBR,-8
43,N7L,1/13/2016,1624.72,PRP,-8
45,N0P,4/27/2016,2491.74,RMP19,-108
73,N7M,3/23/2016,1599.68,BK0,-73
61,N7L,6/17/2016,120.96,P90,90
51,N7L,9/9/2016,345.56,PRP,11
58,N0P,10/6/2016,1192.66,RMP,-1
62,N0P,1/26/2016,497.46,PRP,-16
58,N0P,1/10/2016,651.6,PRP,0
15,N7L,10/18/2016,2789.32,PRP,2
36,N8S,4/19/2016,1234.59,F30,16
36,N8S,4/19/2016,1216.66,FL29,16
46,N7M,6/9/2016,373.12,P2,88
50,N7M,10/13/2016,1374.83,TDP,19
60,N7M,6/1/2016,229.84,P90,92
43,N7L,1/6/2016,410.5,SMRT,14
33,N0P,9/30/2016,1823.23,SMRT,1
48,N7L,4/14/2016,870.55,LOW,6
36,N0P,8/18/2016,2340.25,FSP,-161
36,N0P,8/18/2016,833.95,SMRT,-161
62,N0P,10/17/2016,1966.74,PRP,-16
50,N7L,7/8/2016,725.06,RMP,-3
45,N7M,8/29/2016,2809.58,PRP,12
33,N0P,5/22/2016,826.31,LOW,10
38,N7L,8/22/2016,942.47,RMP,19
50,N0P,3/11/2016,961.06,LOW,21
59,N0P,2/29/2016,672.7,PRP,1
56,N7M,9/9/2016,2047.58,LOW,1
34,N8A,2/19/2016,1345.74,P24,-14
47,N7L,5/27/2016,4015.17,LOW,-52
34,N0P,4/4/2016,746.06,LOW,11
34,N0P,4/4/2016,373.03,SMRT,11
55,N0P,3/21/2016,4977.48,SMRT,30
52,N7M,10/28/2016,710.13,PRP,4
63,N0P,1/13/2016,1042.2,F30,28
47,N8H,2/11/2016,1392.57,RMP15,-10
50,N7G,8/22/2016,2088.52,P36,71
34,N0P,3/8/2016,984.42,LOW,2
76,N7M,9/6/2016,957.19,LOW,4
48,N7M,5/16/2016,756.39,RMP15,-15
48,N7M,5/16/2016,756.39,RMP19,-15
41,N0P,4/18/2016,1106.06,SMRT,17
41,N9B,1/15/2016,1890.87,RMP19,-10
42,N7M,9/23/2016,1396.7,LOW,8
48,N7V,9/7/2016,941.77,PRP,8
57,N7S,1/14/2016,693.13,SMRT,22
46,N7T,6/29/2016,1518.77,PRP,113
46,N7T,6/29/2016,2384.23,RMP19,113
58,N0P,2/3/2016,1620.11,PRP,7
40,N0N,1/27/2016,1582.45,SMRT,-12
52,N7S,4/15/2016,1883.77,LOW,-101
55,N7T,2/13/2016,2625.38,F30,48
61,N7W,8/5/2016,1113.06,LOW,0
55,N0N,4/29/2016,1814.4,SMRT,2
47,N0N,1/27/2016,1639.76,PRP,19
57,N0N,1/26/2016,1073.68,PRP,6
41,N7G,6/4/2016,1140.55,PRP,1
32,N7S,4/29/2016,3265,SMRT,21
61,N7W,2/18/2016,949.68,P6,196
36,N0N,1/22/2016,582.57,PRP,19
43,N7T,1/30/2016,3936.34,CB,31
52,N7T,2/2/2016,1165.67,PRP,13
58,N7W,8/25/2016,1002.77,SMRT,11
44,N7T,10/28/2016,711.59,LOW,4
45,N0N,3/12/2016,685.99,LOW,3
36,N7T,1/13/2016,1407.23,LOW,-3
56,N7T,1/7/2016,298.16,TDP,3
51,N7S,6/1/2016,2481.01,LOW,9
38,N7S,1/10/2016,894.58,PRP,0
43,N7S,9/1/2016,401.19,PRP,4
40,N7S,1/5/2016,3256.41,TDP,0
70,N7S,6/7/2016,2516.6,SMRT,-6
41,N7S,6/20/2016,730.15,LOW,0
49,N0P,8/31/2016,2520.58,TDP,15
48,N7S,3/24/2016,655.19,PRP,8
56,N7T,3/31/2016,479,LOW,1
56,N7S,7/13/2016,1082.05,LOW,19
47,N0M,6/30/2016,1787.28,SMRT,-29
76,N7S,1/4/2016,923.96,PRP,16
49,N7S,1/3/2016,835.75,PRP,2
42,N7V,2/18/2016,996.74,SMRT,-13
40,N0M,8/5/2016,423.52,P2,76
42,N7T,2/19/2016,526.27,SMRT,-4
50,N0N,2/24/2016,2051.7,P7,220
50,N0M,3/28/2016,1524.94,LOW,13
55,N0N,7/26/2016,2707.69,RMP,6
55,N0N,7/26/2016,5415.38,RMP19,6
32,N3S,1/28/2016,579.07,PRP,4
56,N7T,3/19/2016,2558.26,TDP,1
52,N6P,3/24/2016,656.97,PRP,8
52,N6P,3/24/2016,1847.98,RMP15,8
63,N5W,1/17/2016,1238.74,SMRT,-16
65,N6J,3/19/2016,526.18,LOW,1
45,N6H,9/30/2016,1859.5,PRP,1
48,N6K,7/22/2016,1915.89,LOW,10
42,N5V,4/20/2016,1860.63,LOW,0
69,N6J,6/21/2016,1140.46,LOW,14
86,N5R,10/4/2016,362.63,PRP,1
56,N5V,3/14/2016,605.21,LOW,1
59,N6B,8/9/2016,668.78,PRP,1
59,N6B,8/9/2016,526.47,SMRT,1
37,N6J,10/18/2016,1278.23,TDP,2
47,N5Z,6/30/2016,3030.62,LOW,-20
90,N5V,6/13/2016,913.51,P2,7
56,N6E,6/3/2016,1424.34,LOW,2
56,N5V,1/18/2016,6478.73,SMRT,-3
46,N0M,1/20/2016,682.93,TDP,0
66,N5R,9/21/2016,1153,PRP,10
48,N0L,2/5/2016,847.66,PRP,5
64,N0M,3/14/2016,778.15,LOW,6
48,N5R,3/24/2016,606.84,PRP,22
54,N6P,9/6/2016,857.42,PRP,9
57,N4V,1/4/2016,622.51,TDP,16
80,N5V,4/13/2016,210.71,SMRT,27
68,N5C,1/15/2016,901.4,SMRT,0
73,N5X,4/18/2016,449.39,RMP,2
68,N0M,9/21/2016,714.13,SMRT,14
59,N6K,5/13/2016,1180.91,TDP,2
52,N6K,8/12/2016,1046.46,PRP,3
44,N5Z,9/26/2016,2184.37,LOW,5
54,N0L,10/22/2016,2715.71,LOW,-174
58,N5X,1/6/2016,1017.81,PRP,40
54,N7G,3/14/2016,489.15,P90,93
68,N5Y,3/18/2016,1532.08,F30,-8
44,N7X,4/29/2016,2636.82,PRP,16
56,N5X,6/17/2016,982.7,F30,59
47,N6K,8/7/2016,1507.74,PRP,8
60,N6E,1/15/2016,692.31,SMRT,17
44,N6K,2/26/2016,1646.46,PRP,4
32,N6E,8/4/2016,1136.61,PRP,1
46,N6J,8/30/2016,776.98,RMP,2
49,N5W,10/8/2016,858.97,PRP,-7
56,N5Y,8/31/2016,1613.69,TDP,5
50,N6C,9/29/2016,590.14,LOW,2
69,N5R,4/11/2016,184.6,P90,81
35,N6C,8/30/2016,1700.66,PRP,2
47,N0M,10/31/2016,958.17,PRP,-213
47,N0M,10/31/2016,958.17,SMRT,-213
55,N4G,3/28/2016,689.94,TDP,4
57,N0L,4/8/2016,1972.78,PRP,12
45,N6M,1/6/2016,1474.87,PRP,9
51,N0M,2/19/2016,887.57,LOW,1
59,L7T,4/30/2016,264.81,P90,93
56,N5W,3/8/2016,835,SMRT,12
84,N5R,1/8/2016,767.12,TDP,2
39,N6K,4/4/2016,871.67,PRP,1
51,N7G,6/10/2016,5566.96,RMP19,0
51,N7G,6/10/2016,2393.02,SMRT,0
67,N0L,4/5/2016,389.46,RMP,0
41,N5V,3/22/2016,663.77,LOW,10
43,N5V,10/4/2016,261.31,LOW,1
55,N5W,10/2/2016,1035.16,TDP,3
61,N4S,10/29/2016,591.93,SMRT,-9
49,N6G,8/14/2016,965.33,PRP,1
47,N5X,8/20/2016,589.68,PRP,0
43,N5R,2/5/2016,2124.26,SMRT,5
44,N6C,8/4/2016,1444.36,TDP,1
32,N5W,4/8/2016,1546.57,BK0,115
48,N6K,4/20/2016,144.39,PRP,11
48,N6K,4/20/2016,2845.22,TDP,11
40,N6M,2/24/2016,316.64,PRP,15
35,N3R,4/21/2016,2590.17,SMRT,10
64,N7G,2/14/2016,2691.24,PRP,-4
70,N0M,6/1/2016,645.04,PRP,4
47,N6K,1/27/2016,1367.01,PRP,14
39,N0L,9/4/2016,2257.46,F30,58
43,N6J,4/16/2016,1044.29,TDP,15
72,N0M,4/21/2016,872.18,PRP,10
73,N5V,2/23/2016,346.68,PRP,7
67,N0P,3/29/2016,1445.34,LOW,12
54,N8N,2/11/2016,1977.43,PRP,4
53,N9E,2/22/2016,725.85,LOW,12
41,N8W,1/7/2016,1057.79,RMP,-2
52,N8W,8/30/2016,1251.07,LOW,2
34,N8T,3/4/2016,1158.8,LOW,-3
15,N8T,1/16/2016,65,F90,90
15,N8T,1/16/2016,269.4,TDP,90
58,N8R,7/6/2016,601.93,SMRT,-5
42,N8S,6/30/2016,1061.82,RMP,32
36,N9C,5/14/2016,2779.44,TDP,6
65,N0R,8/31/2016,901.94,PRP,1
68,N0R,4/19/2016,1953.86,TDP,1
47,N0R,2/26/2016,548.45,LOW,4
77,N9B,9/14/2016,1612.65,P90,48
54,N8T,6/30/2016,1112.76,LOW,1
68,N9B,4/24/2016,1556.58,TDP,7
48,N8Y,4/22/2016,333.77,TDP,18
65,N8T,3/4/2016,3687.3,PRP,-3
59,N9V,8/4/2016,149.23,TDP,1
33,N9V,7/28/2016,624.97,PRP,4
61,N9G,2/27/2016,1153.12,P8,248
44,N6G,10/6/2016,404.98,LOW,4
65,N9V,2/26/2016,4525.13,LOW,54
38,N0R,5/13/2016,2301.78,LOW,2
58,N9E,9/10/2016,1111.78,LOW,10
52,N8N,8/24/2016,1315.07,P2,69
40,N8Y,10/7/2016,994.88,PRP,8
43,N9B,7/29/2016,330.75,F90,95
50,N9Y,2/17/2016,2256.44,SMRT,3
61,N8Y,10/4/2016,1292.7,LOW,6
36,N8P,8/29/2016,2318.78,PRP,3
42,N8W,9/30/2016,3343.58,RMP19,1
57,N9H,7/30/2016,3152.06,PRP,16
42,N0R,3/28/2016,873.41,LOW,4
35,N6J,8/10/2016,1034.7,TDP,5
38,N8W,4/30/2016,396.67,P90,107
61,N9E,9/15/2016,318.88,F30,0
61,N9E,9/15/2016,1949.89,LOW,0
61,N9E,9/15/2016,596.28,SMRT,0
56,N9C,2/3/2016,1026.09,PRP,7
45,N9Y,7/28/2016,809.65,RMP19,4
30,N8M,4/18/2016,1090.57,RMP19,-17
42,N9E,4/9/2016,2252.42,RMP15,-59
42,N9E,4/9/2016,6971.56,TDP,-59
67,N8Y,4/11/2016,597.32,PRP,39
72,N9A,4/13/2016,761.76,P4,129
38,N9A,2/26/2016,209.59,F30,-6
79,N8Y,4/29/2016,571.75,P2,63
42,N8T,9/30/2016,1333.75,RMP19,-29
65,N9H,2/17/2016,841.37,PRP,13
50,N0R,1/3/2016,1046.96,P6,211
60,N8Y,9/3/2016,3365.09,SMRT,7
56,N9V,1/25/2016,2113.3,P9,281
60,N8X,4/2/2016,2185.78,P90,109
55,N9Y,4/1/2016,2413.52,LOW,0
47,N0R,2/29/2016,1675.09,LOW,1
40,N9A,2/9/2016,782.24,PRP,1
35,N9Y,1/7/2016,2453.02,PRP,13
66,N8T,1/30/2016,642.74,CBR,16
39,N0R,2/26/2016,2939.72,LOW,4
36,N9J,9/16/2016,2610.98,LOW,4
46,N9G,2/5/2016,2862.41,TDP,15
40,N8T,9/17/2016,1956.97,SMRT,18
30,N9B,2/6/2016,613.15,P2,69
36,N9A,10/20/2016,826.42,PRP,0
36,N9A,10/20/2016,1652.84,SMRT,0
42,N8W,4/25/2016,399.2,PRP,6
46,N8W,1/12/2016,856.66,PRP,3
59,N9J,1/6/2016,1346.94,P2,86
59,N9J,1/6/2016,411.44,P90,86
36,N8Y,10/20/2016,517.8,PRP,12
47,N8X,6/4/2016,618.65,PRP,6
42,N0R,3/12/2016,992.55,F30,39
61,N8X,9/7/2016,2368.11,FSP15,-186
58,N9G,5/30/2016,1359.85,LOW,16
35,N8S,9/3/2016,852.54,PRP,2
48,N9A,2/12/2016,906.84,PRP,8
46,N8X,9/7/2016,664.41,PRP,8
64,N8Y,4/1/2016,2186.58,PRP,0
55,N8N,2/4/2016,465.67,PRP,1
59,N9B,10/5/2016,1032.38,PRP,0
49,N8S,3/15/2016,745.02,PRP,17
41,N8S,3/5/2016,1078.75,PRP,0
56,N9J,1/18/2016,2093.28,PRP,2
35,N9B,7/12/2016,790.26,SMRT,3
49,N9V,9/20/2016,1222.06,LOW,0
44,N8Y,10/4/2016,249.72,LOW,1
42,N7L,2/2/2016,1357.35,TDP,8
44,N9E,3/16/2016,522.98,PRP,-75
54,N8N,2/29/2016,931.22,LOW,1
37,N9V,3/14/2016,1910.03,PRP,1
48,N9G,1/25/2016,789.78,PRP,21
33,N8R,4/20/2016,352.41,LOW,0
33,N8R,4/20/2016,424.41,PRP,0
51,N0R,10/4/2016,1031.12,PRP,-3
26,N9V,4/14/2016,687.75,PRP,-4
32,N8W,9/12/2016,675.4,PRP,8
52,N8H,8/31/2016,3565.97,RMP19,-21
30,N0R,1/29/2016,1026.62,LOW,7
29,N9B,2/26/2016,1062.82,PRP,4
38,N8W,9/30/2016,460.56,SMRT,1
57,N0R,1/12/2016,657.78,SMRT,8
46,N8N,8/3/2016,1215.39,SMRT,17
41,N8W,4/15/2016,945.28,SMRT,0
58,N8W,10/27/2016,953.09,SMRT,5
50,N9E,3/16/2016,1049.54,SMRT,16
47,N8R,3/1/2016,1782.02,F7,223
51,N8T,1/19/2016,1366.34,LOW,17
15,N9V,1/4/2016,1119.43,TDP,16
63,N8S,9/15/2016,474.21,PRP,16
68,N8Y,5/14/2016,1252.41,P4,124
41,N8S,9/26/2016,1869.15,PRP,14
55,N9J,1/18/2016,607.9,LOW,2
47,N8N,1/20/2016,2573.53,P5,163
33,N9A,1/4/2016,5356.24,BK0,28
35,N8N,1/13/2016,1616.21,LOW,2
47,N8R,6/2/2016,1632,F30,38
41,N9B,1/8/2016,2153.32,PRP,38
56,N8W,8/8/2016,2613.84,P90,85
49,N8M,9/2/2016,811.59,F30,33
38,N8S,9/1/2016,2334.83,PRP,0
39,N9Y,3/7/2016,4764.44,LOW,3
35,N8Y,6/21/2016,796.8,RMP19,-62
59,N8W,3/26/2016,1340,PRP,-6
45,N8R,6/28/2016,496.73,RMP,3
39,N9G,6/10/2016,1106.46,SMRT,21
66,N9J,2/18/2016,2376.31,TDP,2
50,N9B,3/4/2016,1467.2,SMRT,-3
53,N8S,10/19/2016,1220.28,TDP,-18
33,N8R,7/24/2016,900.44,F30,27
33,N8R,7/24/2016,900.44,P2,27
70,N8Y,4/11/2016,783.39,P90,81
48,N8W,1/6/2016,791.7,LOW,9
35,N9B,9/6/2016,2298,LOW,-1
61,N9V,2/4/2016,915.62,PRP,1
27,N9V,7/23/2016,370.37,CB,28
34,N8T,3/15/2016,1275.66,SMRT,17
40,N9E,1/16/2016,798.7,F30,45
54,N8Y,8/23/2016,675.52,PRP,9
46,N8T,9/6/2016,1739.36,LOW,-1
46,N8T,9/6/2016,397.23,SMRT,-1
46,N8Y,5/1/2016,304.71,PRP,0
47,N8T,2/23/2016,4512.12,RMP15,52
28,N0P,10/9/2016,892.96,TDP,1
59,N9H,4/23/2016,687.29,P5,161
36,N8X,7/12/2016,759.64,F7,100
65,N0R,1/6/2016,1272.37,SMRT,9
26,N8X,5/3/2016,2316.82,SMRT,2
48,N8N,10/14/2016,3588.94,SMRT,1
34,N8R,6/4/2016,778.52,LOW,1
64,N9H,5/23/2016,1172.12,P2,110
64,N9H,5/23/2016,450.28,P3,110
51,N0P,8/19/2016,3157.74,SMRT,1
51,N9A,9/7/2016,323.43,F30,55
37,N9C,4/6/2016,84.75,CBR,-17
33,N8Y,9/20/2016,297.05,RMP,0
28,N8S,2/1/2016,454.75,PRP,48
28,N8S,2/1/2016,403.67,TDP,48
52,N8N,5/20/2016,2072.96,LOW,134
52,N8N,5/20/2016,1040.78,P4,134
69,N9J,2/23/2016,909.73,RMP15,-53
63,N9J,7/12/2016,485.93,TDP,3
27,N8X,2/22/2016,484.37,PRP,27
73,N8H,1/9/2016,868.25,F30,42
32,N8S,7/30/2016,207.62,PRP,2
73,N8W,5/3/2016,1060.08,P4,140
44,N9H,5/3/2016,1163.07,TDP,7
59,N8S,9/7/2016,1436.66,TDP,13
37,N0R,1/3/2016,234.45,P90,93
42,N9G,1/27/2016,571.67,LOW,-17
64,N9A,10/3/2016,5427.94,RMP,2
36,N8W,1/9/2016,1111.38,LOW,1
50,N8W,8/18/2016,1850.5,RMP,2
56,N9V,1/18/2016,604.32,SMRT,18
34,N8R,5/25/2016,1596.13,F30,46
34,N0R,2/8/2016,3240.26,LOW,7
46,N8X,4/4/2016,878.89,PRP,6
43,N8Y,7/28/2016,2073.49,P3,74
67,N9J,4/14/2016,2001.69,TDP,1
51,N8W,8/2/2016,663.36,LOW,3
32,N9E,10/4/2016,880.59,LOW,1
32,N8S,5/24/2016,1292.15,SMRT,8
40,N8H,2/23/2016,1721.79,SMRT,16
32,N0R,10/21/2016,763.25,TDP,11
74,N9A,5/16/2016,2817.54,LOW,16
60,N9V,4/19/2016,944.23,PRP,12
28,N8M,4/19/2016,239.16,LOW,12
48,N9Y,4/25/2016,759.71,PRP,10
40,N9A,1/16/2016,1694.31,P7,212
45,N8Y,1/11/2016,1115.52,LOW,9
34,N8R,4/15/2016,1505.1,P2,108
34,N8R,4/15/2016,1505.1,P90,108
37,N8P,1/22/2016,632.98,LOW,10
27,N8S,2/5/2016,947,LOW,0
70,N8R,5/5/2016,291.91,P2,61
88,N9A,9/27/2016,707.07,TDP,4
66,N8X,1/28/2016,3836.75,P3,94
66,N8X,1/28/2016,3836.75,P90,94
43,N8W,2/1/2016,899.03,SMRT,0
52,N8X,4/30/2016,1388.99,F2,71
52,N8X,4/30/2016,1310.31,F9,71
51,N8S,8/7/2016,1035.51,PRP,3
36,N8W,9/19/2016,1025.13,RMP,-18
36,N8W,9/19/2016,3452.16,RMP19,-18
41,N9G,2/16/2016,684.77,PRP,-11
37,N9A,8/9/2016,499.32,P2,32
46,N8W,2/7/2016,423.79,P2,68
40,N8P,4/28/2016,709.78,BK0,145
59,N8Y,3/20/2016,2239.76,P22,21
59,N8Y,3/20/2016,2239.76,P23,21
50,N8R,5/27/2016,1403.25,TDP,9
40,N8Y,2/20/2016,638.51,RMP,0
53,N8X,1/21/2016,1711.91,PRP,15
33,N8N,3/5/2016,1232.14,TDP,0
67,N8M,10/5/2016,3402.31,LOW,0
63,N8Y,1/7/2016,1262.09,PRP,8
50,N9E,5/9/2016,1533.51,TDP,1
58,N8W,3/10/2016,623.7,P4,144
49,N9J,3/29/2016,391.91,P90,108
51,N8X,1/7/2016,276.54,F30,58
25,N8W,6/1/2016,1086.41,PRP,0
65,N9J,10/24/2016,1104.85,LOW,8
77,N9E,2/8/2016,1012.73,F30,53
35,N8M,3/28/2016,1023.97,P24,95
59,N9C,9/1/2016,1518.5,SMRT,19
44,N8T,5/9/2016,1489.65,SMRT,11
34,N9C,2/10/2016,1259.58,FSP,-40
53,N8T,6/8/2016,688.18,PRP,2
53,N8Y,6/8/2016,156.04,LOW,7
46,N8S,7/2/2016,953.47,PRP,3
60,N9C,5/27/2016,2561.96,RMP,9
51,N8N,1/19/2016,1751.88,RMP19,1
35,N8T,4/20/2016,744.18,LOW,20
31,ODZ,9/6/2016,1924.82,PRP,14
57,N0R,2/19/2016,1707.08,PRP,-9
50,N8Y,8/31/2016,1080.24,SMRT,-57
39,N8X,9/1/2016,1541.15,SMRT,19
61,N9H,7/5/2016,909.47,TDP,0
51,N8H,3/1/2016,2789.73,SMRT,0
27,N0R,2/20/2016,309.42,F30,41
46,N8W,6/30/2016,240.26,TDP,1
36,N9J,3/17/2016,1730.64,LOW,29
27,N9H,10/5/2016,1341.9,PRP,0
41,N9K,1/29/2016,1513.76,LOW,17
28,N8T,1/11/2016,369.7,SMRT,4
53,N9C,3/6/2016,1488.86,PRP,4
53,N9G,9/23/2016,1135.17,LOW,-18
50,N8W,2/26/2016,477.93,LOW,13
30,N8X,1/11/2016,1262.76,RMP19,95
26,N8T,3/15/2016,2648.39,PRP,17
44,N8S,1/28/2016,1099.06,P7,217
59,N0R,1/19/2016,1825.7,TDP,17
45,N8M,2/8/2016,1165.75,SMRT,2
37,N9Y,1/22/2016,815.82,P90,84
33,N9J,2/12/2016,3412.52,P6,202
33,N9J,2/12/2016,2377.6,P7,202
41,N8W,2/27/2016,634.32,P6,196
31,N0R,7/8/2016,2396.92,FSP,-149
33,N9J,2/5/2016,834.84,LOW,5
27,N8X,10/15/2016,1484.47,LOW,5
53,N9H,4/6/2016,1136.89,P90,100
33,N9E,1/26/2016,301.74,LOW,6
61,N9A,1/8/2016,1041.47,PRP,2
61,N9A,1/8/2016,1470.36,SMRT,2
57,N9H,10/1/2016,695.43,SMRT,4
30,N8M,7/8/2016,1309.92,PRP,2
29,N8T,7/26/2016,764.3,LOW,6
47,N0R,10/21/2016,4977.5,RMP,-11
46,N8T,5/20/2016,625.29,P2,61
42,N8W,9/9/2016,2673.72,SMRT,1
30,N9Y,6/13/2016,1181.26,SMRT,7
74,N8S,2/23/2016,800.48,LOW,191
74,N8S,2/23/2016,1135.06,P6,191
40,N8R,2/9/2016,690.28,PRP,11
28,N0P,2/9/2016,1376.3,LOW,1
71,N8Y,9/29/2016,850.84,PRP,2
46,N0R,2/29/2016,1075.54,LOW,1
66,N8W,2/11/2016,1462.28,SMRT,-1
56,N8S,3/26/2016,963.64,BK0,36
47,N9C,2/2/2016,1062.81,F90,89
42,N8W,4/29/2016,1250.91,LOW,155
42,N8W,4/29/2016,1625.88,P5,155
59,N8P,4/26/2016,949.36,PRP,5
59,N8T,4/12/2016,1634.39,F30,33
40,N8X,7/6/2016,914.36,PRP,4
56,N8Y,4/4/2016,3071.01,LOW,6
31,N8W,7/5/2016,162.81,BK0,10
62,N8P,4/5/2016,2015.6,P4,122
39,N8W,1/22/2016,980.89,SMRT,10
65,N8P,1/6/2016,1325.52,PRP,4
53,N0R,9/9/2016,1726.48,TDP,1
15,N9V,1/3/2016,796.91,F2,29
15,N9V,1/3/2016,1347.8,F30,29
67,N9V,4/1/2016,2047.45,P4,131
67,N9V,4/1/2016,489.88,P5,131
43,N9H,9/20/2016,2592.72,PRP,0
52,N8T,8/31/2016,1709.52,LOW,1
56,N9A,9/27/2016,1301.14,LOW,4
57,N8S,4/21/2016,972.05,PRP,10
52,N8R,7/7/2016,1749.73,TDP,-2
26,N8X,3/19/2016,395.1,LOW,13
51,N8S,10/8/2016,2484.03,TDP,2
48,N9C,1/9/2016,1046.81,SMRT,6
59,N8Y,6/22/2016,437.23,RMP,-21
72,N8P,7/15/2016,966.3,SMRT,-14
72,N8P,7/15/2016,1028.04,TDP,-14
32,N8S,6/14/2016,1634.56,P12,109
43,N8X,1/19/2016,284.3,SMRT,1
49,N9E,8/15/2016,319.62,LOW,0
41,N8S,6/23/2016,746.12,RMP,-8
46,N8W,9/6/2016,1144.66,LOW,4
67,N8Y,6/16/2016,5240.44,LOW,-6
38,N8H,10/31/2016,1053.27,SMRT,1
59,N8Y,9/16/2016,769.76,TDP,-1
46,N8T,9/16/2016,465.21,TDP,19
77,N8T,1/22/2016,248.91,P4,131
59,N9E,1/14/2016,2946.31,PRP,18
26,N8Y,3/15/2016,1128.51,SMRT,17
46,P0S,9/30/2016,356.87,PRP,1
45,N8N,7/29/2016,1563.82,SMRT,3
58,N8W,4/14/2016,1372.84,LOW,-4
68,N0P,6/10/2016,990.39,SMRT,0
83,N8S,2/10/2016,749.74,TDP,0
71,N8R,6/12/2016,488.53,P90,90
35,N8W,2/17/2016,2592.56,PRP,3
43,N8W,10/6/2016,1576.7,SMRT,-1
41,N9J,1/7/2016,619.03,P90,115
44,N9V,2/23/2016,1953.64,SMRT,11
48,N9V,2/19/2016,1056.21,LOW,11
29,N8S,2/26/2016,1882.85,LOW,-6
41,N8Y,3/21/2016,831.18,PRP,-11
42,N9J,6/24/2016,894.3,LOW,7
44,N8T,4/9/2016,654.78,LOW,1
54,N8W,9/5/2016,674.89,PRP,0
28,N8T,8/19/2016,521.78,SMRT,-45
45,N8W,1/13/2016,1839.02,LOW,28
27,N9V,3/21/2016,697.49,LOW,-1
30,N9V,1/5/2016,557.88,PRP,10
24,N8X,5/2/2016,697.3,SMRT,8
37,N9C,2/1/2016,2969.18,SMRT,0
57,N8R,7/30/2016,685.2,SMRT,2
33,N0R,10/5/2016,742.44,PRP,-4
61,N9C,10/19/2016,622.49,PRP,13
75,N0R,3/7/2016,705.67,RMP,3
28,N0P,3/10/2016,749.42,RMP15,-9
25,N9V,8/18/2016,479.44,LOW,18
49,N9G,2/10/2016,710.07,PRP,0
40,N8S,9/27/2016,277.4,TDP,8
57,N9V,1/20/2016,1761.91,PRP,21
31,N8T,8/30/2016,814.75,TDP,2
53,N8W,9/6/2016,1492.35,TDP,-5
39,N9Y,1/26/2016,2304.47,PRP,15
51,N8H,5/5/2016,3423.46,SMRT,0
49,N0P,9/10/2016,1026.02,SMRT,0
39,N0R,8/4/2016,1433.56,TDP,1
42,N9V,7/15/2016,1013.94,P2,87
62,N9C,1/13/2016,501.98,PRP,2
24,N8N,10/22/2016,2606.26,FSP,-68
25,N8W,1/29/2016,716.23,LOW,3
36,N9V,1/21/2016,895.2,SMRT,30
38,N0R,9/6/2016,1689.31,RMP,9
38,N0R,9/6/2016,2934.38,SMRT,9
27,N9H,2/16/2016,19890.78,RMP19,-1
27,N9H,2/16/2016,10091.62,SMRT,-1
62,N8X,1/27/2016,1181.12,P90,69
40,N8X,10/4/2016,1517.35,SMRT,1
45,N8Y,2/1/2016,655.38,F3,90
76,N9H,3/21/2016,669.07,P6,198
32,N8N,2/17/2016,624.22,LOW,-16
25,N9G,2/20/2016,713.44,P5,163
44,N8S,7/15/2016,252.49,FSP,-127
43,N8X,2/1/2016,1648.97,SMRT,0
49,N9A,2/29/2016,1751.11,RMP19,-59
47,N8N,1/30/2016,857.52,PRP,21
45,N9H,4/12/2016,929.89,LOW,3
37,N8W,1/23/2016,2029.04,P5,160
27,N8H,1/9/2016,1085.07,SMRT,1
35,N8S,4/8/2016,563.87,SMRT,2
35,N8W,1/21/2016,1331.57,LOW,-11
36,N8T,9/28/2016,1231.03,SMRT,3
60,N8S,8/31/2016,1806.16,SMRT,10
41,N0R,9/26/2016,822.34,PRP,5
60,N8S,2/11/2016,711.62,SMRT,19
25,N8Y,10/6/2016,3033.15,FSP,4
24,N9V,1/30/2016,1232.45,SMRT,-25
69,N0R,1/27/2016,1998.18,PRP,14
40,N0R,4/4/2016,3842.54,TDP,11
36,N8X,3/28/2016,2106.64,LOW,4
49,N8T,5/12/2016,687.31,P2,85
49,N8T,5/12/2016,687.31,P90,85
45,N9V,2/18/2016,1788.91,LOW,2
52,N9Y,1/5/2016,842.63,P2,87
49,N8S,6/6/2016,551.5,P4,87
31,N8S,2/19/2016,3318.27,PRP,-30
48,N8S,5/3/2016,636.91,SMRT,2
55,N9C,2/19/2016,916.06,LOW,-9
72,N0R,2/8/2016,1351.39,TDP,2
48,N0R,10/31/2016,1060.52,PRP,1
55,N8Y,5/1/2016,1101.75,PRP,0
45,N9V,1/5/2016,1958.94,RMP,27
26,N8R,9/19/2016,750.71,LOW,1
44,N9C,3/5/2016,665.45,PRP,5
25,N8X,1/18/2016,2104.78,SMRT,2
45,N9A,6/14/2016,345.06,LOW,6
32,N8X,10/1/2016,1032.05,LOW,4
26,N8X,1/30/2016,1197.27,FSP,-10
74,N9G,5/6/2016,1704.51,LOW,-5
41,N8T,5/14/2016,627.09,TDP,6
48,N8S,1/5/2016,1293.06,LOW,-4
48,N8S,1/5/2016,1293.06,SMRT,-4
39,N8S,8/30/2016,969.11,SMRT,-25
27,N6B,3/7/2016,2004.82,TDP,8
34,N8X,7/20/2016,1734.89,SMRT,16
32,N8X,2/14/2016,340.26,SMRT,1
34,N8W,2/8/2016,551.22,LOW,2
47,N8W,9/24/2016,1682.51,LOW,-19
24,N0R,3/4/2016,2498.89,PRP,1
35,N9E,1/20/2016,341.03,F8,244
41,N9J,8/18/2016,1749.11,LOW,14
41,N9J,8/18/2016,1749.11,PRP,14
31,N8X,3/21/2016,1710.01,PRP,20
42,N8P,1/7/2016,10374.78,LOW,8
32,N8Y,3/18/2016,717.01,LOW,2
31,N8T,1/17/2016,1195.73,PRP,24
50,N8Y,10/4/2016,1270.67,RMP,1
35,N8H,7/21/2016,636.94,RMP,-1
27,N8W,4/1/2016,512.04,SMRT,0
36,N9V,2/14/2016,706.53,RMP,16
32,N8W,5/31/2016,3067.18,SMRT,-11
64,N0P,2/29/2016,1589.77,RMP,1
64,N0P,2/29/2016,4047.65,RMP15,1
28,N8Y,9/19/2016,1056.53,RMP19,-4
26,N8Y,8/11/2016,81.29,RMP,-1
31,N8N,10/3/2016,1097.43,SMRT,2
47,N9V,6/7/2016,983.07,LOW,-6
23,N9C,7/24/2016,123.17,CBR,-4
30,N9B,2/1/2016,858.77,F30,14
30,N9B,2/1/2016,858.77,FL30,14
34,N8H,4/21/2016,1259.05,P4,137
21,N9A,6/8/2016,2103.97,LOW,-3
36,N8X,3/29/2016,806.48,RMP,3
52,N9A,4/23/2016,3621.12,F21,-53
26,N8S,4/28/2016,711.8,LOW,3
27,N5W,4/28/2016,406.29,TDP,7
32,A1L,6/17/2016,1171.83,RMP19,-68
53,N8T,4/26/2016,388.97,F6,189
44,N0P,3/3/2016,4475,PRP,2
42,N0N,3/18/2016,2389.95,RMP15,-46
46,N8Y,3/14/2016,1522.59,P6,201
51,N9V,1/26/2016,1929.8,SMRT,20
44,N9K,2/16/2016,2247.93,PRP,4
30,N8R,5/6/2016,2564.66,BK0,14
30,N8R,5/6/2016,916.57,LOW,14
48,N0R,1/30/2016,982.91,SMRT,2
57,N8M,4/11/2016,1121.42,RMP15,-56
30,N9G,1/21/2016,1654.85,SMRT,11
30,N9E,7/29/2016,2008.45,PRP,3
34,N3T,3/1/2016,3228.45,RMP15,-20
49,N8N,2/16/2016,7413.97,RMP15,-11
40,N8N,2/9/2016,1398.49,LOW,1
37,N8W,7/15/2016,2458.79,LOW,0
49,N8N,8/5/2016,936.28,LOW,-96
49,N8N,8/5/2016,1341.76,RMP19,-96
23,N9A,1/15/2016,491.89,F30,55
32,N0R,1/4/2016,1152.23,P13,47
32,N0R,1/4/2016,1152.23,P14,47
26,N0N,2/19/2016,585.6,LOW,1
37,N8R,3/29/2016,1599.42,SMRT,3
36,N8S,5/11/2016,389.57,TDP,9
42,N9B,3/3/2016,1206.48,PRP,12
33,N9E,2/25/2016,1114.97,P90,24
53,N8S,9/24/2016,3088.53,RMP,-9
34,N0R,1/15/2016,942.38,PRP,0
55,N9A,10/13/2016,3086.93,PRP,7
29,N0R,8/19/2016,1248.88,PRP,13
56,N9V,2/2/2016,1082.45,SMRT,-1
45,N8S,2/2/2016,1081.06,P90,98
41,N8T,4/13/2016,1693.48,LOW,2
62,N8P,2/8/2016,1298.12,P3,97
29,N0R,4/20/2016,1534.77,PRP,0
46,N8M,3/18/2016,904.73,F30,33
30,N5R,5/5/2016,389.53,BK0,-15
53,N0R,6/13/2016,1845.76,RMP,-12
53,N9V,5/17/2016,1367.76,RMP19,-16
33,N0R,2/2/2016,2040.55,TDP,3
40,N0M,4/1/2016,1150.19,SMRT,4
41,N8N,4/23/2016,427.27,F2,83
32,N8N,8/10/2016,3255.64,PRP,5
40,N8S,1/15/2016,2224.3,PRP,26
53,N8T,6/7/2016,631.25,RMP,3
42,N9J,2/19/2016,1211.27,RMP,-4
42,N9J,2/19/2016,2116.36,SMRT,-4
69,N0R,1/14/2016,1061.45,PRP,18
33,N9G,1/29/2016,1014.97,LOW,3
36,N8H,10/1/2016,3411.42,LOW,0
34,A1L,5/30/2016,2191.63,SMRT,6
27,N9A,2/26/2016,1323.44,PRP,4
58,N8Y,2/6/2016,1007.82,P4,160
58,N8Y,2/6/2016,1007.82,P5,160
55,N8W,2/28/2016,359.34,TDP,2
55,N9B,9/14/2016,1324.8,RMP,-4
27,N9E,7/25/2016,1725.06,P90,87
31,N8Y,5/17/2016,627.49,SMRT,3
59,N9C,2/2/2016,1470.71,LOW,8
30,N8N,2/16/2016,3584.98,PRP,4
44,N8M,2/3/2016,429.63,TDP,17
50,N9E,1/24/2016,2436.86,TDP,8
31,N8H,9/30/2016,3064.35,RMP,-51
65,N9E,8/16/2016,988.48,TDP,16
41,N8P,9/19/2016,1639.24,SMRT,-14
40,N0R,9/16/2016,2902.65,PRP,15
42,N8H,8/22/2016,5996.75,LOW,10
40,N8S,7/17/2016,3202.15,F30,15
40,N8S,7/17/2016,2466.04,TDP,15
28,N6G,8/9/2016,1195.04,TDP,-4
37,N8S,8/23/2016,2279.38,LOW,9
44,N8M,9/18/2016,2702.92,SMRT,2
28,N9B,11/1/2016,926.03,SMRT,0
69,N9Y,9/14/2016,1761.78,TDP,1
28,N8S,6/11/2016,853.68,F90,121
42,N9A,10/29/2016,2496.96,FSP,-70
58,N8R,2/18/2016,27.5,P90,92
62,N8X,3/1/2016,1007.38,F6,203
38,N8S,5/28/2016,550.33,F3,110
56,N8R,5/8/2016,322.6,F21,116
56,N8R,5/8/2016,1866.71,P90,116
62,N8Y,1/4/2016,1006.91,P7,241
44,N8H,1/21/2016,2946.64,P8,258
32,N8H,9/1/2016,2663.3,RMP,-134
24,N7M,10/24/2016,1198.45,LOW,-4
28,N8H,6/13/2016,1554.42,TDP,2
33,N6E,4/13/2016,847.93,LOW,2
42,N0R,3/9/2016,1083.31,LOW,11
34,N8M,1/2/2016,1563.54,P90,109
49,N8N,4/26/2016,1109.58,SMRT,5
49,N9B,1/14/2016,1422.76,SMRT,-13
35,N4V,10/20/2016,1241.34,RMP,12
52,N8S,8/19/2016,103.17,LOW,1
52,N8S,8/19/2016,116.6,P2,1
20,N9J,3/28/2016,445.98,CBR,53
49,N0L,1/5/2016,1415.74,LOW,0
45,N8X,7/4/2016,462.53,CB,-125
40,N0M,1/7/2016,542.26,PRP,13
42,P7C,7/21/2016,2207.11,LOW,-6
27,N5W,3/23/2016,1130.72,RMP,9
42,N8T,2/29/2016,1499.7,LOW,20
48,N8W,6/5/2016,289.01,CBR,30
20,N9Y,7/12/2016,76.09,CBR,-41
36,N8S,6/9/2016,896.67,PRP,1
54,N9E,3/24/2016,3684.78,LOW,8
27,N8W,3/20/2016,1475.31,SMRT,0
35,N8W,5/13/2016,360.46,CBR,38
54,N8N,4/25/2016,1609.12,LOW,6
38,N8H,4/4/2016,655.92,LOW,11
39,N8X,7/8/2016,1088.2,SMRT,2
36,N9A,4/18/2016,537.54,SMRT,2
26,N8H,1/18/2016,883.48,P4,149
31,N8Y,4/22/2016,983.5,P2,84
34,N8Y,1/11/2016,398.55,CB,21
24,N5V,10/1/2016,2429.85,SMRT,4
30,N8W,7/21/2016,739.52,PRP,11
29,N0L,7/25/2016,1089.14,LOW,26
25,N9G,3/4/2016,931.65,CB,47
74,N8S,8/20/2016,624.12,LOW,0
27,N9V,7/27/2016,5342.01,P2,66
47,N9A,8/31/2016,918.45,PRP,5
37,N8Y,9/21/2016,4977.35,LOW,-82
62,N8S,1/22/2016,160.34,F30,39
29,N8N,5/26/2016,3783.76,RMP,-41
40,N0R,2/27/2016,3162.64,PRP,3
40,N0P,9/16/2016,460.54,SMRT,4
54,N8X,7/14/2016,432.1,SMRT,1
56,N8N,4/29/2016,742.37,P5,174
56,N8N,4/29/2016,742.37,P6,174
27,N8H,10/11/2016,822.09,TDP,-1
47,N6C,3/14/2016,456.06,PRP,-13
24,N9A,1/14/2016,213.58,LOW,18
77,N9V,7/2/2016,1652.1,P2,110
29,N9C,2/1/2016,597.87,P6,182
50,N9H,2/10/2016,2615.7,CB,20
30,N8S,5/27/2016,885.26,CB,24
20,N8Y,2/24/2016,2144.54,CB,-19
70,N8Y,2/17/2016,991.06,F30,44
20,N8T,6/24/2016,989.87,CB,-140
26,N9B,2/29/2016,928.45,P2,81
33,N5Z,7/11/2016,1625.35,LOW,-101
47,N9G,2/8/2016,338.96,F30,53
50,N6G,4/18/2016,1084.82,SMRT,13
65,N9V,3/11/2016,589.08,F30,51
44,N9E,1/30/2016,755.83,CB,31
44,N9V,3/19/2016,836.78,F30,52
38,N9E,5/18/2016,2581.65,PRP,2
40,N5V,10/21/2016,556.25,CB,-225
43,N9V,3/1/2016,763.57,P2,65
50,N8R,3/15/2016,2190.92,P90,117
53,L2G,4/25/2016,220.88,CB,-24
85,N8S,3/30/2016,439.97,P5,159
46,N6E,3/15/2016,1546.59,P90,117
52,N5Y,5/13/2016,251.97,LOW,33
47,N9H,5/20/2016,957.08,P12,31
57,N8N,6/22/2016,1271.07,P12,110
27,N9E,5/25/2016,414.86,P2,87
34,N8S,8/18/2016,521.64,PRP,14
43,N7S,9/9/2016,1324.97,LOW,1
29,N2V,9/16/2016,1055.6,CB,-1
48,N8W,6/15/2016,968.78,CB,30
31,N4T,10/16/2016,935.54,PRP,4
44,N8H,7/7/2016,696.92,P24,86
70,N6C,7/23/2016,240.36,CB,44
68,N2R,8/24/2016,2682.21,CB,38
32,N9A,7/27/2016,204.24,CB,50
40,N5P,10/2/2016,2095.62,CB,-1
29,N0N,9/15/2016,371.7,CB,30
29,N9E,9/8/2016,482.37,P2,54
28,N9A,9/23/2016,888.84,CB,27
74,N0R,9/13/2016,1597.06,PRP,2
54,N9B,1/15/2016,4899.06,PRP,0
37,N0R,1/29/2016,1263.23,PRP,3
52,N9V,5/5/2016,1057.98,TDP,5
55,N8Y,8/17/2016,1011.77,F30,45
62,N9G,2/26/2016,2095.03,F30,-6
56,N8Y,2/13/2016,1699.92,P2,82
43,N8W,6/3/2016,685.31,SMRT,-2
57,N9V,7/16/2016,2042.36,P2,81
57,N9V,7/16/2016,2042.36,P3,81
37,N8X,2/11/2016,655.63,LOW,-1
61,N8M,7/8/2016,1940.69,PRP,7
50,N9H,6/11/2016,1975.27,P2,70
61,N9Y,3/31/2016,2129.1,SMRT,1
60,N8M,3/4/2016,740.05,P90,77
53,N8T,1/26/2016,2783.74,PRP,6
44,N9B,7/29/2016,661.61,PRP,12
49,N0R,8/24/2016,638.43,LOW,-9
49,N0R,8/24/2016,3706.16,RMP19,-9
37,N9A,1/7/2016,413.37,BK0,115
52,N0P,3/2/2016,658.85,PRP,3
47,N8H,10/22/2016,1606,SMRT,10
56,N9G,4/9/2016,540.37,F10,41
84,N9A,1/8/2016,761.28,TDP,12
31,N8N,9/27/2016,476.83,PRP,4
48,N0P,3/5/2016,1267.26,P6,189
42,N8W,6/29/2016,2484.18,CBR,33
44,N9V,7/20/2016,397.67,P3,12
44,N9V,7/20/2016,353.1,SMRT,12
43,N8X,2/22/2016,1756.61,P11,12
44,N0R,3/28/2016,2086.64,PRP,4
59,N9B,1/8/2016,730.29,LOW,2
57,N8N,10/18/2016,1290.29,LOW,2
57,N8N,10/18/2016,1290.29,PRP,2
48,N9E,5/20/2016,933.61,PRP,16
47,N9A,7/12/2016,793.27,F30,34
43,N9V,5/15/2016,536.2,P90,118
50,N8H,1/31/2016,1732.86,SMRT,5
64,N9J,6/7/2016,1457.65,SMRT,-2
22,N8W,1/19/2016,135.22,PRP,22
70,N9A,1/14/2016,416.5,PRP,18
34,N9C,9/20/2016,3142.06,SMRT,0
38,N9J,2/16/2016,1012.09,F30,14
38,N9J,2/16/2016,1632.89,PRP,14
35,N8S,10/2/2016,873.82,TDP,3
52,N9A,10/28/2016,1047.71,TDP,4
54,N9J,8/20/2016,826.91,F30,56
54,N8N,9/9/2016,963.45,TDP,1
49,N8H,2/16/2016,420.35,F30,45
49,N8H,2/16/2016,425.97,P2,45
44,N9A,9/28/2016,529.02,PRP,17
46,N8W,8/10/2016,767.07,RMP,0
52,N0R,9/13/2016,1077.27,LOW,-12
48,N9E,3/29/2016,1469.02,PRP,3
29,N8H,3/15/2016,586.28,TDP,21
75,N9J,5/4/2016,542.82,LOW,1
59,N8X,10/14/2016,599.2,RMP19,-9
75,N8S,9/28/2016,1363.52,PRP,3
41,N0R,5/11/2016,3159.25,SMRT,9
60,N8Y,1/26/2016,1351.99,TDP,15
40,N9E,5/7/2016,1278.7,P90,105
73,N8X,3/28/2016,1685.37,PRP,13
49,N7M,6/28/2016,1414.48,PRP,3
28,N8X,3/1/2016,1496.92,SMRT,0
63,N8M,6/5/2016,866.27,TDP,0
40,N8X,9/29/2016,1514.22,PRP,2
53,N8W,4/17/2016,463.35,LOW,3
48,N9J,8/24/2016,1737.95,SMRT,12
36,N9A,8/22/2016,1573.54,TDP,10
60,N9E,2/6/2016,469.16,SMRT,-1
61,N8T,4/1/2016,1173.66,SMRT,4
31,N9G,4/22/2016,380.86,PRP,9
32,N8Y,3/5/2016,772.11,SMRT,-19
44,N8N,8/15/2016,2940.42,LOW,17
83,N9B,8/13/2016,1542.03,SMRT,7
68,N9Y,6/13/2016,2198.35,F30,27
39,N8T,7/16/2016,1992.3,LOW,16
34,N8M,11/1/2016,956.94,LOW,0
47,N8T,4/5/2016,657.42,LOW,0
54,N8R,1/28/2016,542.45,LOW,4
37,N9E,1/28/2016,573.66,SMRT,4
31,N8X,3/19/2016,712.79,PRP,1
76,N9B,4/27/2016,827.64,TDP,18
31,N9G,7/31/2016,2469.51,PRP,1
69,N9B,6/5/2016,1073.06,LOW,0
36,N8Y,7/21/2016,613.25,F30,61
34,N9V,7/20/2016,135.73,FSP,-91
55,N9V,7/28/2016,1675.23,TDP,8
28,N8T,10/1/2016,2642.46,TDP,0
55,N9J,2/4/2016,580.39,P2,87
55,N8W,6/18/2016,835.26,LOW,105
55,N8W,6/18/2016,958.23,P3,105
38,L4N,1/19/2016,2742.64,RMP19,-9
43,N8T,2/13/2016,1650.19,TDP,17
58,N8T,6/30/2016,5115.08,RMP,1
29,N9J,6/30/2016,618.65,LOW,41
29,N9J,6/30/2016,491.02,P23,41
40,N8M,6/13/2016,1095.26,LOW,37
58,N0R,2/10/2016,2076.28,TDP,0
42,N9J,4/4/2016,304.19,LOW,1
38,N0P,3/18/2016,3824.07,SMRT,2
48,N8T,8/3/2016,1819.58,SMRT,2
30,N8M,4/5/2016,1239.67,P5,153
50,N9G,4/28/2016,734.52,P2,73
35,N0G,1/2/2016,990.67,SMRT,8
32,N8H,6/8/2016,2702.8,LOW,12
28,N9G,3/28/2016,2130.52,P2,79
59,N8Y,2/11/2016,658.77,PRP,19
59,N8Y,2/11/2016,350.59,TDP,19
36,N8H,1/17/2016,941.93,P6,211
27,N8Y,3/24/2016,1501.5,SMRT,17
67,N8P,8/2/2016,1392.56,PRP,3
32,N9E,3/15/2016,1592.62,LOW,5
42,N8X,7/13/2016,3544.88,RMP19,-69
52,N0R,9/27/2016,1766.13,LOW,8
42,N8W,1/23/2016,1122.16,F30,42
42,N8W,1/23/2016,1701.79,F90,42
26,N9B,1/26/2016,2925.35,RMP19,-11
60,N0R,3/16/2016,480.69,TDP,20
58,N8M,2/28/2016,1113.8,LOW,11
54,N8R,9/7/2016,1652.88,RMP19,-2
36,N9A,4/9/2016,1688.09,LOW,1
47,N8X,2/23/2016,1265.14,F8,252
51,N0R,3/12/2016,1330.55,P90,90
42,N8W,6/26/2016,741.56,F30,5
31,N8H,1/26/2016,1458.87,SMRT,20
58,N8T,2/9/2016,2130.76,F30,30
32,N9G,10/5/2016,3029.61,SMRT,0
67,N8H,2/1/2016,1058.9,PRP,19
23,N9A,10/13/2016,897.78,SMRT,2
52,N8N,3/2/2016,3111.53,RMP19,-26
49,N0P,2/8/2016,1968.87,LOW,7
35,N0R,4/8/2016,1373.66,SMRT,2
24,N8X,1/10/2016,1060.68,PRP,0
30,N8R,3/22/2016,365.99,SMRT,10
29,N9A,10/4/2016,799.08,PRP,1
27,N8X,10/27/2016,2189.87,LOW,5
61,N8W,2/9/2016,413.46,SMRT,1
50,N8X,8/29/2016,240.29,TDP,3
37,N9A,2/19/2016,648.31,P4,137
45,N9Y,3/1/2016,4345.7,LOW,0
31,N8X,1/18/2016,833.04,LOW,2
30,N8N,4/18/2016,281.1,P24,32
30,N0R,2/24/2016,299.43,F30,56
62,N9A,4/14/2016,266.68,PRP,-4
54,N8M,4/14/2016,1715.23,LOW,1
40,N0R,1/18/2016,1033.76,SMRT,14
23,N9A,5/9/2016,1987.11,LOW,32
42,N8S,5/11/2016,1986.02,SMRT,9
26,N8W,5/11/2016,989.73,LOW,9
44,N0P,6/5/2016,614.68,P2,71
31,N9B,1/29/2016,620.57,F7,204
31,N9B,1/29/2016,620.57,F8,204
50,N8T,9/1/2016,123.34,LOW,0
49,N9B,1/12/2016,1076.39,SMRT,3
31,N8N,9/30/2016,1918.98,FSP,-182
70,N9J,9/19/2016,834.08,LOW,1
62,N8X,4/28/2016,594.47,SMRT,3
24,N9A,5/24/2016,1233.88,PRP,8
34,N8T,7/26/2016,421.16,LOW,6
69,N8S,8/2/2016,141,CBR,34
55,N1G,8/4/2016,1186.35,LOW,-3
36,N9E,4/16/2016,2282.3,F2,76
29,N8W,2/19/2016,1065.58,P5,199
29,N8W,2/19/2016,1065.58,P6,199
67,N9A,2/12/2016,855.83,LOW,3
53,N9J,2/5/2016,1385.94,LOW,-4
32,N9B,1/29/2016,568.5,TDP,3
29,N9A,10/17/2016,4010.97,PRP,-12
58,N9C,7/22/2016,516.33,F2,71
26,N9A,5/3/2016,638.56,LOW,2
30,N9A,3/23/2016,807.29,PRP,23
36,N8H,2/18/2016,3312.41,CB,57
51,N9C,5/26/2016,851.98,F5,142
26,N9A,7/17/2016,380.72,P90,95
22,N8S,9/8/2016,723.6,F30,54
43,N8X,7/12/2016,767.99,P2,70
65,N0R,8/10/2016,5846.55,P2,71
65,N0R,8/10/2016,2643.32,P90,71
73,N7T,4/27/2016,2935.5,RMP19,-26
45,N7M,9/13/2016,1522.87,RMP,-237
45,N7M,9/13/2016,1522.87,RMP19,-237
54,N0P,8/3/2016,856.69,SMRT,17
46,N7L,10/20/2016,736.35,F6,12
43,N7M,6/22/2016,623.15,PRP,9
64,N0P,2/10/2016,2685.56,PRP,0
32,N0P,2/29/2016,2371.42,LOW,15
43,N0P,2/2/2016,558.38,SMRT,3
41,N7L,1/21/2016,2139.98,SMRT,15
38,N7L,8/11/2016,1475.95,PRP,4
41,N7M,2/21/2016,3439,LOW,-16
34,N0P,2/1/2016,1132.21,LOW,19
38,N7L,4/1/2016,1011.31,PRP,4
53,N8A,4/27/2016,749.53,PRP,4
60,N0P,3/24/2016,689.35,LOW,8
66,N0P,3/18/2016,910.49,PRP,23
43,N0P,4/28/2016,501.15,SMRT,-58
52,N0G,9/30/2016,965.35,LOW,1
62,N0P,4/20/2016,1174.23,P2,76
32,N9B,8/19/2016,897.61,SMRT,1
42,N7L,3/22/2016,1491.76,LOW,10
43,N7L,2/29/2016,1725.41,TDP,1
66,N7L,3/2/2016,1277.25,LOW,-1
57,N7L,9/16/2016,1737.36,SMRT,4
60,N0P,2/11/2016,1767.07,RMP15,-27
31,N9E,5/18/2016,217.12,PRP,2
57,N7L,3/18/2016,2310.05,FL30,-37
87,N8A,2/20/2016,1798.78,PRP,0
53,N7M,2/9/2016,2370.66,PRP,1
32,N7M,6/25/2016,648.41,P5,25
45,N7M,1/15/2016,2027.66,PRP,17
41,N8A,9/17/2016,2937.66,LOW,-125
31,N0P,9/13/2016,998.1,PRP,2
35,N0P,5/1/2016,2310.46,PRP,0
35,N0P,10/13/2016,657.33,RMP19,-12
35,N0P,10/13/2016,657.33,SMRT,-12
75,N7L,6/16/2016,895.78,F30,46
38,N7L,2/26/2016,6829.34,LOW,-11
30,N8A,5/5/2016,504.63,PRP,0
49,N7M,4/10/2016,685.09,RMP,0
42,N7L,8/10/2016,2691.63,SMRT,5
34,N0P,2/10/2016,2743.12,PRP,-9
54,N0L,1/26/2016,3913.43,PRP,15
49,N0P,1/15/2016,1041.08,TDP,0
31,N7L,4/14/2016,1040.07,LOW,1
59,N8A,8/26/2016,1050.48,SMRT,6
47,N0P,1/3/2016,792.71,SMRT,7
59,N0P,4/25/2016,663.04,LOW,6
33,N0P,10/19/2016,818.53,SMRT,13
34,N0P,2/5/2016,1813.29,P4,121
29,N7L,1/7/2016,854.64,SMRT,-6
56,N7M,8/24/2016,680.95,F30,8
79,N0P,4/11/2016,1399.9,PRP,4
60,N8A,1/14/2016,572.37,PRP,1
33,N7M,10/5/2016,943.35,LOW,0
49,N0L,1/28/2016,1077.45,TDP,4
49,N0P,2/29/2016,120.8,SMRT,1
63,N0P,8/8/2016,8137.92,LOW,-129
50,N7M,1/26/2016,1353.84,RMP15,-25
49,N0P,10/3/2016,2360.56,SMRT,2
57,N0P,8/24/2016,867.64,PRP,27
78,N7L,1/15/2016,1352.18,SMRT,21
50,N8A,2/12/2016,1131.54,TDP,3
32,N0P,6/17/2016,1240.33,RMP19,-137
62,N7M,1/18/2016,617.61,TDP,14
29,N0P,8/24/2016,2206.41,SMRT,8
46,N7L,6/25/2016,2895.33,BK0,-145
41,N0P,4/8/2016,483.62,LOW,2
33,N0P,1/25/2016,1534.6,BK0,36
32,N0P,9/24/2016,1219.44,LOW,7
32,N0P,9/24/2016,357.41,SMRT,7
46,N0P,2/9/2016,1503.14,PRP,1
30,N7M,2/29/2016,413.78,SMRT,1
45,N7L,7/21/2016,2399.28,RMP,-1
64,N7M,1/13/2016,531.5,PRP,2
61,N7L,4/11/2016,625.57,RMP,4
32,N7M,2/3/2016,208.46,PRP,2
32,N7M,2/3/2016,1652.41,TDP,2
43,N7M,2/10/2016,18481.16,SMRT,-9
35,N8A,4/8/2016,2529.79,SMRT,18
40,N0P,1/27/2016,665.06,SMRT,-12
36,N7M,3/31/2016,897.57,LOW,1
26,N7M,10/5/2016,852.3,PRP,-20
37,N0P,9/12/2016,3038.87,LOW,3
27,N7M,10/29/2016,735.26,PRP,3
32,N7M,3/23/2016,266.53,P2,70
45,N7L,1/25/2016,631.33,P5,177
49,N0P,4/25/2016,3046.53,SMRT,6
26,N8A,3/28/2016,424.22,P5,166
44,N7L,3/6/2016,1429.01,SMRT,-20
29,N7M,9/2/2016,756.79,LOW,18
54,N7L,8/13/2016,392.28,LOW,7
58,N0P,4/10/2016,2047.17,LOW,21
34,N7L,1/23/2016,372.84,PRP,9
58,N7M,4/27/2016,999.34,PRP,4
31,N0G,10/20/2016,1997.65,TDP,12
28,N7M,9/19/2016,2238.67,PRP,1
53,N7L,4/20/2016,1743.66,TDP,11
24,N9Y,9/11/2016,1246.59,F30,34
53,N7M,3/30/2016,970.53,F30,51
43,N0L,2/26/2016,1066.04,RMP15,-25
39,N0P,10/18/2016,422.85,LOW,2
37,N7M,1/15/2016,2767.04,LOW,17
39,N0P,2/22/2016,759.68,LOW,27
23,N7L,3/28/2016,1395.29,LOW,13
23,N7M,9/26/2016,1024.08,PRP,5
50,N6A,3/2/2016,976.31,SMRT,-1
52,N0P,3/22/2016,740.42,RMP19,-7
27,N7M,5/9/2016,236.7,PRP,1
41,N8S,2/4/2016,1342.5,F7,214
41,N8S,2/4/2016,1342.5,P6,214
41,N8S,2/4/2016,1342.5,P7,214
26,N7L,3/15/2016,1395.02,PRP,17
26,N7L,3/15/2016,1747.51,RMP15,17
28,N0P,2/11/2016,1721.5,SMRT,-10
35,N7L,2/13/2016,992.39,LOW,2
39,N0P,9/2/2016,374.45,PRP,3
58,N0P,3/15/2016,646.13,SMRT,5
47,N0P,6/14/2016,558.02,F30,48
53,N0P,2/26/2016,7174.72,LOW,44
32,N8A,10/7/2016,589.86,F19,-36
32,N8A,10/7/2016,39252.4,RMP19,-36
32,N8A,10/7/2016,3110.99,SMRT,-36
25,N7M,8/12/2016,1903.77,PRP,8
48,N0P,4/30/2016,3947.11,RMP,1
48,N0P,4/30/2016,3947.11,RMP15,1
25,N7M,8/3/2016,1254.66,LOW,7
24,N0P,3/9/2016,2715.42,LOW,11
23,N8A,3/21/2016,236.94,CBR,55
31,N0P,3/17/2016,1338.81,PRP,3
56,N8A,6/17/2016,1397.71,PRP,3
50,N7L,1/16/2016,1443.41,F4,137
28,N7L,2/13/2016,1924.23,SMRT,2
57,N0P,1/13/2016,482.75,LOW,2
62,N0P,2/23/2016,2149.06,RMP15,7
62,N0P,2/23/2016,2130.04,SMRT,7
51,N0P,7/25/2016,1360.06,TDP,7
81,N8A,7/23/2016,597.62,PRP,9
39,N0P,8/24/2016,3330.64,LOW,8
25,N7M,9/6/2016,1586.55,PRP,-1
38,N7M,9/9/2016,827.31,RMP,1
31,N7L,8/5/2016,1288.84,PRP,10
79,N7L,10/27/2016,410.87,RMP,5
33,N0P,10/21/2016,1040.59,LOW,11
45,N0P,3/10/2016,1467.31,TDP,0
62,N7L,8/22/2016,712.91,F30,54
31,N7M,1/5/2016,302.25,F2,75
31,N7M,1/5/2016,876.71,F6,75
25,N7L,3/24/2016,893.01,PRP,17
45,N7L,6/19/2016,546.35,CB,-65
38,N7L,1/28/2016,202.08,P90,94
36,N7L,5/9/2016,651.25,TDP,1
48,L7M,3/12/2016,949.15,PRP,8
48,N0P,4/17/2016,178.81,PRP,14
35,N0P,3/31/2016,659.12,SMRT,1
30,N7M,6/17/2016,453.07,F90,3
30,N7M,6/17/2016,520.45,TDP,3
43,N0R,5/27/2016,6951.39,P90,97
62,N7M,6/27/2016,339.81,P2,80
37,N6J,3/16/2016,6457.01,LOW,30
38,N9B,1/31/2016,1226.37,SMRT,20
35,N0P,7/8/2016,832.79,P2,64
49,N7L,2/21/2016,5035.9,SMRT,9
48,N7M,2/24/2016,4699.46,LOW,-9
50,N0P,3/1/2016,1350.97,LOW,-10
35,N7M,2/26/2016,423.77,F30,-6
42,N0P,3/26/2016,443.52,SMRT,10
33,N0P,7/29/2016,1616.64,LOW,3
30,N0P,9/1/2016,2280.63,BK0,34
30,N0P,9/1/2016,699.55,SMRT,34
49,N7M,2/29/2016,984.78,LOW,1
47,N7M,7/27/2016,996.95,RMP,5
51,N6J,5/6/2016,1008.99,LOW,9
51,N6J,5/6/2016,1869.62,PRP,9
33,ODZ,1/12/2016,917.4,SMRT,20
38,N0P,8/29/2016,1925.95,LOW,7
57,N7L,2/18/2016,528.95,LOW,-13
70,N0P,3/31/2016,162.22,LOW,1
48,N0P,6/1/2016,1196.23,RMP19,-31
40,N0P,8/16/2016,3572.11,TDP,4
43,N0L,2/9/2016,837.38,PRP,11
45,N7L,9/15/2016,1065.5,TDP,5
54,N0P,1/7/2016,1500.44,LOW,3
69,N0L,2/13/2016,2493.51,RMP15,-12
69,N0L,2/13/2016,2493.51,TDP,-12
37,N0P,1/18/2016,978.61,LOW,23
67,N7M,7/28/2016,420.09,RMP,4
42,N0P,2/1/2016,541.94,PRP,0
54,N8A,10/26/2016,1527.82,LOW,6
36,N7L,2/29/2016,2308.59,PRP,1
57,N7M,4/21/2016,1525.59,FL30,29
57,N7M,4/21/2016,252.4,RMP,29
46,N0P,1/6/2016,1229.99,PRP,9
30,N5Y,1/11/2016,1284.28,PRP,21
37,N7M,11/3/2016,554.52,LOW,-2
34,N7T,3/1/2016,903.36,PRP,0
52,N0P,3/15/2016,1036.64,PRP,-5
51,N7M,7/4/2016,1171.77,SMRT,28
48,N0P,2/16/2016,1231.91,SMRT,14
24,N7M,4/29/2016,306.93,P2,67
48,N7L,8/22/2016,501.87,SMRT,10
36,N7M,10/20/2016,1074.86,FSP,-76
24,N7M,6/23/2016,1158.13,P2,70
37,N0P,3/5/2016,2390.23,FSP15,168
30,N7L,3/31/2016,1299.76,TDP,1
44,N7L,10/6/2016,2764.38,SMRT,-5
61,N8W,8/15/2016,761.75,LOW,0
50,N7L,9/6/2016,1205.7,SMRT,9
24,N7L,9/12/2016,1071.01,LOW,8
35,N7M,7/15/2016,472.06,CB,31
71,N0P,1/31/2016,789.6,LOW,1
32,N0P,5/30/2016,664.95,LOW,2
24,N7L,2/12/2016,628.28,PRP,3
59,N0P,2/11/2016,732.57,CB,-1
36,N7M,3/11/2016,237.29,P23,101
37,N0M,1/29/2016,1038.29,TDP,12
67,N0P,1/4/2016,2180.01,PRP,16
39,N0N,9/29/2016,421.83,LOW,2
64,N0M,4/2/2016,323.5,SMRT,3
51,N0M,1/30/2016,2346.76,PRP,2
52,N7T,9/20/2016,2267.1,RMP,-19
35,N7V,4/6/2016,2528.54,RMP15,-36
48,N5C,5/25/2016,15034.09,SMRT,16
69,N7T,8/30/2016,2422.9,LOW,6
64,N0N,9/10/2016,5166,LOW,-222
38,N7S,1/22/2016,2631.37,TDP,14
54,N7T,5/2/2016,2891.27,PRP,8
40,N7S,5/30/2016,205.77,LOW,2
57,N7W,3/7/2016,,RMP15,29
64,N0N,9/12/2016,755.37,TDP,8
59,N0M,4/29/2016,1275.05,SMRT,2
66,N7S,1/15/2016,671.9,P90,111
55,N0N,2/24/2016,4439.43,SMRT,-4
43,N0N,7/20/2016,2051.46,SMRT,16
39,N0N,1/13/2016,814.56,LOW,2
60,N7S,2/2/2016,471.24,SMRT,18
77,N0N,1/7/2016,432.98,SMRT,3
35,N0N,1/5/2016,1036.21,LOW,0
38,N0N,5/12/2016,1430.15,SMRT,8
37,N7S,7/6/2016,883.52,TDP,9
32,N7T,2/11/2016,1998.84,RMP15,-10
32,N7T,2/11/2016,854.95,SMRT,-10
38,N7T,2/26/2016,846.43,PRP,-11
46,N7S,1/29/2016,25327.6,BK0,7
46,N7S,1/29/2016,966.5,RMP19,7
46,N0N,1/22/2016,1066.77,PRP,-7
38,N7W,9/14/2016,576.5,TDP,6
73,N7T,2/25/2016,1088.95,RMP15,-15
46,N0P,5/30/2016,967.22,CBR,-50
47,N7S,9/27/2016,1520.68,SMRT,4
39,N7T,4/29/2016,1427.46,LOW,2
67,N0N,9/19/2016,710.99,TDP,16
35,N0M,5/31/2016,1664.51,RMP19,-16
54,N7V,5/19/2016,1540.58,PRP,1
41,N7T,2/23/2016,2408.03,LOW,16
49,N0N,3/19/2016,1814.16,SMRT,-78
34,N0N,1/25/2016,1106.98,PRP,-5
54,N0N,10/4/2016,2918.72,TDP,6
40,N0N,8/2/2016,631.18,PRP,18
53,N0N,9/28/2016,2691.25,LOW,3
30,N0N,4/21/2016,5858.94,RMP19,-51
47,N0N,1/15/2016,2449.22,PRP,17
46,N7V,2/4/2016,2251.59,SMRT,1
36,N0N,1/19/2016,1720.99,SMRT,13
79,N7V,1/19/2016,230.82,LOW,13
58,N7S,8/30/2016,1220.98,LOW,6
31,N7S,4/13/2016,1921.02,LOW,-3
48,N7V,8/6/2016,813.2,TDP,4
50,N0N,9/12/2016,928.53,SMRT,-11
36,N0N,9/11/2016,1689.04,TDP,9
55,N0M,6/23/2016,827.62,LOW,-3
54,N0N,2/28/2016,1949.74,SMRT,2
56,N7T,2/13/2016,395.4,LOW,17
56,N7T,2/13/2016,443.32,PRP,17
38,N7S,1/13/2016,1948.44,PRP,7
74,N7S,9/7/2016,906.87,RMP,3
52,N0N,8/10/2016,1234.6,P2,52
47,N7S,3/3/2016,609.9,RMP15,-17
47,N7W,6/6/2016,1083.58,P2,87
38,N7T,8/31/2016,758.45,SMRT,1
46,N7V,2/4/2016,667.48,RMP19,-3
46,N7V,2/4/2016,1049.1,SMRT,-3
52,N0N,1/31/2016,1291.01,PRP,1
59,N7V,2/19/2016,1091.31,PRP,1
52,N0N,10/13/2016,815.83,TDP,-3
58,N7V,3/15/2016,2217.2,LOW,-14
45,N7T,5/17/2016,1335.71,RMP15,-106
37,N7S,3/15/2016,1070.07,RMP15,36
42,N0N,2/17/2016,421.24,SMRT,-2
56,N7S,4/18/2016,620.62,CB,44
43,N7T,2/9/2016,5185.82,RMP15,-30
33,N6G,10/19/2016,1944.93,SMRT,1
31,N7T,3/4/2016,2092.89,RMP15,-23
39,N0N,3/28/2016,628.9,TDP,13
36,N7S,4/12/2016,593.65,LOW,19
91,N0N,9/16/2016,1092.34,LOW,4
40,N7S,3/28/2016,9858.4,RMP19,-37
44,N7S,2/25/2016,2559.09,SMRT,19
72,N7T,2/17/2016,949.23,TDP,13
53,N7S,2/17/2016,3200.69,PRP,13
26,N7S,3/30/2016,785.86,LOW,2
38,N7S,4/14/2016,1443.69,PRP,-13
46,N0N,10/1/2016,2046.62,TDP,0
64,N8A,7/21/2016,815.02,SMRT,15
51,N0P,10/1/2016,259.47,P2,0
51,N0P,10/1/2016,223.03,PRP,0
52,N7T,9/9/2016,1668.6,TDP,1
28,N7S,9/27/2016,786.42,PRP,4
51,N7S,5/31/2016,833.45,SMRT,5
60,N7S,3/14/2016,3807.48,LOW,1
33,N7T,2/3/2016,2142.03,P8,245
40,N7T,2/17/2016,6204.06,LOW,32
31,N0N,9/16/2016,362.13,SMRT,-11
54,N7V,8/30/2016,2281.35,LOW,-41
57,N7T,8/20/2016,812.75,LOW,0
49,N7V,3/14/2016,660.38,LOW,1
48,N7T,7/9/2016,877.05,PRP,1
41,N0N,4/22/2016,885.76,PRP,9
32,N8A,9/30/2016,1548.08,PRP,1
75,N7V,2/27/2016,1296.77,PRP,-12
53,N0N,8/22/2016,2099.94,SMRT,14
38,N0N,1/27/2016,1111.8,TDP,5
39,N0N,2/3/2016,2139.03,SMRT,17
36,N7T,1/27/2016,993.78,LOW,5
47,N7T,2/29/2016,3434.45,TDP,1
47,N7S,4/8/2016,886.58,TDP,2
55,N0N,10/20/2016,202.83,TDP,12
57,N7T,1/9/2016,520.55,LOW,1
44,N7W,6/17/2016,2516.91,SMRT,3
31,N7T,9/2/2016,1156.81,RMP19,18
52,N7S,1/25/2016,1323.34,LOW,16
42,N7S,2/18/2016,730.72,RMP15,-13
50,N0N,3/11/2016,1885.29,BK0,21
50,N0N,3/11/2016,2303.7,SMRT,21
31,N7T,3/28/2016,1059.99,TDP,4
54,N7T,1/15/2016,4239.21,LOW,21
45,N7V,9/9/2016,1177.51,LOW,1
60,N7S,2/24/2016,1658.4,P90,98
50,N6C,1/23/2016,1232.97,PRP,18
40,N0N,9/8/2016,1682.02,SMRT,12
63,N7S,9/9/2016,477.41,TDP,1
26,T0M,9/9/2016,1036.06,SMRT,11
26,N7S,8/2/2016,583.68,RMP,-43
29,N0N,2/27/2016,1553.55,P90,64
13,N7S,4/19/2016,96.58,F2,82
78,N0N,10/4/2016,919.86,PRP,1
64,N7S,1/23/2016,1430.63,TDP,28
40,N7S,2/16/2016,2360.44,FSP15,-27
69,N7T,10/12/2016,988.35,PRP,8
59,N7T,4/30/2016,806.61,LOW,1
38,N0M,2/28/2016,3695.76,LOW,-8
38,N0M,2/28/2016,4151.54,RMP15,-8
60,N7T,9/17/2016,1398.98,RMP,14
34,N7T,4/14/2016,961.91,RMP15,-85
42,N8A,1/25/2016,1543.27,PRP,16
80,N0M,4/19/2016,10464.27,LOW,12
32,N7T,9/23/2016,232.25,CBR,-13
37,N7S,9/19/2016,5024.76,LOW,1
28,N7S,1/29/2016,6535.36,LOW,3
37,N0N,2/8/2016,1065.77,RMP15,-19
61,N0N,1/18/2016,1341.25,PRP,23
52,N7T,1/7/2016,352.37,SMRT,8
15,N7T,8/17/2016,1208.83,TDP,-28
69,N7V,1/22/2016,1447.15,TDP,19
41,N0N,1/28/2016,3746.82,LOW,18
40,N7T,5/28/2016,1155.8,PRP,8
44,N6K,1/16/2016,1214.08,LOW,35
60,N7T,4/12/2016,1563.85,SMRT,3
52,N7T,1/4/2016,2149.36,RMP,11
52,N7T,1/4/2016,959.94,SMRT,11
63,N7W,4/29/2016,1844.58,RMP,2
26,N7S,3/31/2016,2065.89,P5,123
31,N0N,6/16/2016,1538.49,LOW,24
49,N5Y,1/29/2016,482.64,BK0,-9
34,N0N,10/16/2016,346.72,SMRT,16
75,N7T,3/16/2016,10826.37,RMP15,-56
41,N0N,3/29/2016,212.81,PRP,-9
28,N7T,8/15/2016,1360.77,PRP,17
34,N8A,9/27/2016,565.44,RMP,-26
45,N7S,5/22/2016,1001.92,CBR,-32
30,N7S,8/3/2016,978.83,LOW,2
32,N0N,9/7/2016,1934.96,LOW,8
32,N7T,3/15/2016,2018.16,RMP19,-24
27,N7T,1/30/2016,2574.02,PRP,2
41,N0N,2/27/2016,5752.79,LOW,34
54,N7T,5/3/2016,3209.49,CC0,-54
54,N7T,5/3/2016,1318.05,SMRT,-54
44,N0N,7/14/2016,234.45,P90,83
40,N7S,7/28/2016,1350.85,PRP,8
42,N7T,4/9/2016,1016.83,PRP,-8
51,N0N,7/27/2016,4840.98,LOW,55
35,N7S,2/17/2016,698.54,RMP19,-16
49,N7T,2/19/2016,1857.9,PRP,1
51,N0M,1/29/2016,1076.11,SMRT,3
23,N0N,8/17/2016,2981.09,BK0,-7
42,N0N,2/26/2016,1332.51,SMRT,23
34,N7T,6/15/2016,1383.13,RMP19,-131
32,N7S,4/11/2016,1933.35,PRP,-10
30,N7S,5/7/2016,255.15,LOW,3
68,N7S,3/23/2016,1077.08,F30,53
68,N7S,3/23/2016,1077.08,P2,53
31,N0N,1/26/2016,685.1,PRP,6
40,N7T,1/28/2016,1889.7,RMP15,-27
44,N0N,5/12/2016,270.66,RMP,8
60,N7V,9/29/2016,2834.81,PRP,2
39,N7T,4/5/2016,1310.64,RMP,15
39,N7T,4/5/2016,1310.64,RMP15,15
39,N7T,4/5/2016,4592.37,RMP19,15
23,N7T,5/5/2016,517.39,LOW,0
46,N7T,4/8/2016,933.02,SMRT,23
45,N7T,4/8/2016,1027.84,LOW,7
77,N7T,10/31/2016,2637.05,PRP,1
43,N7V,8/31/2016,1763.04,RMP,-103
41,N0N,6/22/2016,1177.4,RMP19,-21
51,N7V,6/25/2016,699.36,SMRT,6
70,N0N,9/10/2016,156.74,PRP,10
34,N7S,7/16/2016,972.98,TDP,25
51,N0N,1/8/2016,807.35,SMRT,2
68,N7T,1/8/2016,621.42,LOW,57
68,N7T,1/8/2016,152.05,P6,57
68,N7T,1/8/2016,132.63,P90,57
52,N7T,6/20/2016,5968.78,RMP19,-152
45,N0N,8/2/2016,939.56,RMP,-1
45,N0N,8/2/2016,939.56,SMRT,-1
42,N0N,3/15/2016,2661.97,RMP15,-24
59,N0N,4/29/2016,1064.39,PRP,2
38,N7T,2/20/2016,440.31,RMP19,14
38,L8H,2/8/2016,2971.9,BK0,-7
38,L8H,2/8/2016,1969.8,RMP,-7
38,L8H,2/8/2016,3939.6,RMP19,-7
73,N0N,9/7/2016,1184.13,PRP,-33
31,N7S,5/5/2016,917.03,P22,153
48,N7V,4/29/2016,4766.88,RMP19,-28
51,N7S,7/26/2016,391.59,TDP,10
53,N0N,5/24/2016,1126.08,RMP19,-23
33,N7V,7/27/2016,835.62,SMRT,5
31,N8A,1/4/2016,851.67,LOW,16
56,N7T,7/28/2016,475.44,TDP,23
80,N7T,1/21/2016,517.86,LOW,11
36,N7S,3/28/2016,2040.23,TDP,4
29,N7S,10/14/2016,953.94,LOW,1
30,N7T,9/17/2016,849.58,LOW,-2
30,N7T,9/17/2016,1623.32,SMRT,-2
46,N0N,2/17/2016,767.04,SMRT,13
27,N7T,8/29/2016,747.8,SMRT,3
34,N0N,2/6/2016,1617.58,TDP,14
27,N7T,1/29/2016,1524.22,RMP15,-24
28,N7S,2/27/2016,607.71,LOW,12
34,N0N,1/4/2016,5852.36,PRP,-3
67,N0N,4/29/2016,986.35,PRP,2
48,N0N,2/1/2016,1233.74,PRP,0
40,N0N,2/19/2016,2016.87,LOW,1
35,N5P,9/14/2016,1097.99,TDP,1
44,N7T,8/9/2016,924.72,RMP15,-25
44,N7T,8/9/2016,912.72,RMP19,-25
23,N7T,4/30/2016,783.9,PRP,1
41,N0P,9/10/2016,1198.6,PRP,5
50,N7S,3/6/2016,4831.79,LOW,4
59,N0N,1/28/2016,828.31,P90,94
27,N0N,4/4/2016,3005.19,RMP15,11
47,N7V,2/13/2016,296.47,P2,78
39,N7S,2/9/2016,75.54,CBR,35
41,N0N,4/9/2016,1402.98,PRP,1
37,N0N,4/1/2016,2997.9,RMP,0
48,N7S,4/29/2016,2046.06,SMRT,2
47,N0N,8/17/2016,1872.1,PRP,-108
27,T8W,7/13/2016,4024.9,RMP,-73
27,T8W,7/13/2016,2012.45,RMP19,-73
30,N0N,1/26/2016,1516.25,SMRT,20
30,N7S,2/29/2016,917.44,PRP,1
67,N7V,6/29/2016,3885.51,LOW,-101
37,N0N,10/27/2016,1286.85,RMP,-56
37,N0N,10/27/2016,532.41,SMRT,-56
29,N7G,9/26/2016,2735.16,LOW,-117
44,N0N,1/12/2016,520.1,LOW,8
28,N7L,6/26/2016,803.77,P90,101
47,N7S,6/20/2016,379.21,LOW,15
41,N7T,8/10/2016,860.3,RMP,-9
29,N0H,7/22/2016,2232.22,PRP,14
37,N7T,9/16/2016,2072.88,LOW,-1
43,N7S,9/30/2016,1448.96,RMP,-46
45,N0N,4/30/2016,355.3,RMP,1
35,N7S,10/17/2016,864.88,RMP,3
26,N0N,9/21/2016,4758.56,RMP,-16
34,N7S,4/12/2016,2208.46,SMRT,8
60,N7S,4/27/2016,893.75,SMRT,8
50,N7V,1/13/2016,369.61,P2,79
41,N7S,10/19/2016,1634.79,LOW,13
48,N7V,3/24/2016,2398.23,P7,222
46,N7T,6/3/2016,388.68,CBR,-14
45,N7S,10/26/2016,2243.92,SMRT,6
37,N7S,8/31/2016,1259.9,SMRT,1
19,N7T,4/25/2016,907.72,RMP,6
24,N8A,8/3/2016,275.99,LOW,2
45,N7T,6/24/2016,2384.74,CB,26
30,N7T,1/21/2016,439.42,PRP,11
28,N7T,8/13/2016,269.61,LOW,7
41,N5V,2/8/2016,362.04,CB,22
24,N7T,10/20/2016,646.19,CB,-40
44,N2H,8/22/2016,326.83,CB,29
47,N2K,8/2/2016,659.41,P90,91
40,N0L,1/17/2016,1286.74,PRP,19
32,N0J,8/29/2016,2023.47,TDP,-9
66,N6G,2/3/2016,1854.43,RMP,-2
41,N6J,10/4/2016,571.9,PRP,-3
44,N7G,1/15/2016,225.22,TDP,5
49,N0M,8/25/2016,1003.27,PRP,-24
52,N6K,1/4/2016,408.27,TDP,6
60,N6E,2/12/2016,1471.04,PRP,8
54,N6K,8/5/2016,701.74,PRP,0
48,N0L,3/31/2016,461.94,LOW,1
37,N0L,3/8/2016,1474.16,RMP19,-63
38,N5X,7/27/2016,469.39,LOW,5
40,N7G,4/4/2016,4962.55,PRP,-3
40,N7G,4/4/2016,1479.17,RMP19,-3
40,N7G,4/4/2016,4962.55,TDP,-3
61,N5X,8/6/2016,2396.84,P90,-5
39,N5Z,10/5/2016,264.98,PRP,0
51,N5P,1/6/2016,380.9,PRP,14
54,N5Y,2/8/2016,1027.86,TDP,-3
33,N8N,2/10/2016,10333.54,RMP,-9
64,N0M,2/13/2016,1290.15,LOW,48
36,N0L,8/9/2016,1262.01,TDP,6
50,N5Z,3/4/2016,581.19,SMRT,1
70,N5W,7/8/2016,1118.37,PRP,2
54,N5P,3/1/2016,562.12,LOW,31
38,N0L,4/26/2016,798.47,SMRT,5
50,N5H,3/1/2016,970.92,PRP,0
45,N5W,8/9/2016,1590.4,PRP,6
38,N0L,2/23/2016,1383.84,LOW,16
61,N5V,5/12/2016,1504.78,SMRT,3
60,N5V,1/11/2016,5792.38,LOW,4
40,N5R,10/20/2016,1176.31,RMP,-5
37,N7G,10/31/2016,1113.96,LOW,1
45,N6E,3/2/2016,1422.68,P4,125
51,N5H,1/26/2016,639.54,LOW,10
71,N6E,8/15/2016,701.39,TDP,26
56,N5Y,7/26/2016,1441.9,LOW,25
49,N6H,2/23/2016,296.14,P2,68
32,N5Z,10/30/2016,1157.72,TDP,2
40,N5X,4/14/2016,779.97,P90,97
49,N0L,9/28/2016,1686.24,PRP,3
48,N6H,1/29/2016,429.05,PRP,7
43,N6E,9/15/2016,2741.24,LOW,0
36,N5W,10/5/2016,1810.03,SMRT,0
43,N5Z,4/4/2016,1650.55,PRP,1
31,N0J,1/19/2016,679.7,LOW,13
45,N6C,8/1/2016,1130.66,SMRT,0
38,N5Y,5/7/2016,748.4,F24,39
38,N5Y,5/7/2016,748.4,F30,39
54,N6C,4/18/2016,1948.71,LOW,2
42,N5X,8/22/2016,2265.51,TDP,29
58,N5W,9/2/2016,1577.9,TDP,3
62,N0L,1/10/2016,2080.31,PRP,0
52,N0M,3/17/2016,735.22,RMP15,15
42,N5Z,7/6/2016,958.04,P5,9
42,N5Z,7/6/2016,958.04,PRP,9
49,N0L,10/9/2016,2461.3,SMRT,-4
46,N5P,8/29/2016,1625.47,PRP,3
42,N6L,2/4/2016,1436.42,SMRT,16
41,N0L,1/18/2016,1441.01,LOW,2
46,N5V,6/2/2016,1076.97,TDP,3
64,N6C,9/30/2016,873.94,RMP,1
51,N6G,1/7/2016,1225.2,LOW,3
38,N7G,7/12/2016,794.56,PRP,3
57,N5H,5/10/2016,1091.68,LOW,-5
49,N6K,5/24/2016,716.62,RMP19,-23
45,N0L,7/4/2016,2505.64,LOW,-171
37,N5V,10/7/2016,682.06,PRP,3
58,N6E,4/14/2016,821.03,P90,87
61,N0M,9/16/2016,1808.99,PRP,15
39,N6K,9/20/2016,652.87,RMP,0
43,N0M,3/14/2016,3934.97,P6,190
69,N9V,9/6/2016,4264.36,TDP,4
45,N5Z,1/25/2016,593.56,P7,224
45,N5Z,1/25/2016,1050.59,TDP,224
39,N5R,2/11/2016,667.25,PRP,4
50,N5Y,8/8/2016,1841.2,P9,-99
47,N6E,10/24/2016,554.65,TDP,8
33,N0M,2/25/2016,1269.46,LOW,14
55,N6C,3/3/2016,797.87,SMRT,2
55,N6A,1/14/2016,708.58,LOW,1
63,N6J,10/13/2016,1092.14,LOW,2
73,N6K,1/8/2016,2766.98,SMRT,-3
43,N1G,7/4/2016,1630.89,TDP,1
56,N0R,8/2/2016,609.7,PRP,13
36,N5V,8/31/2016,1333.85,TDP,1
59,N5X,2/5/2016,1636.66,PRP,5
36,N0M,1/16/2016,1400.99,SMRT,4
42,N5V,4/28/2016,703.33,SMRT,3
52,N5C,3/8/2016,573.26,LOW,2
42,N7G,4/21/2016,2325.92,TDP,-47
38,N6H,1/11/2016,309.3,P4,130
62,N5Y,4/18/2016,1020.05,RMP19,-17
42,N8A,8/3/2016,652.05,LOW,2
50,N5Y,4/18/2016,775.56,SMRT,-3
50,N5P,10/31/2016,3464.32,PRP,-26
51,N6K,1/5/2016,1489.37,SMRT,-4
55,N7L,1/9/2016,1317.73,SMRT,1
43,N6P,3/3/2016,350.59,RMP,7
35,N5W,2/2/2016,814.37,RMP15,-18
31,N7G,9/26/2016,605.43,TDP,14
46,N5R,3/23/2016,1127.01,RMP,9
35,N6G,2/10/2016,712.65,LOW,0
47,N5X,2/2/2016,2746.02,PRP,3
38,N6G,10/22/2016,1294.02,TDP,10
45,N0J,1/29/2016,1333.57,PRP,-9
44,N6H,4/13/2016,1491.6,TDP,-3
35,N0M,5/18/2016,3981.92,SMRT,28
35,N7G,8/7/2016,546.74,TDP,3
34,N0M,7/26/2016,657.2,PRP,20
74,N5Y,1/10/2016,941.16,PRP,0
68,N5V,2/4/2016,1003,F30,57
53,N6K,5/30/2016,686.81,F2,63
47,N5Y,3/11/2016,229.63,TDP,4
54,N5X,4/13/2016,879.37,SMRT,18
52,N6E,9/14/2016,1604.62,PRP,17
59,N6E,9/26/2016,926.96,RMP,5
45,N5Z,7/18/2016,656.43,CB,45
38,N5V,8/14/2016,805.05,PRP,1
41,N0M,1/4/2016,1429.55,LOW,11
48,N0L,5/31/2016,1418.01,RMP15,5
30,N5Z,4/7/2016,1212.3,LOW,3
38,N6G,6/4/2016,2596.14,P3,108
56,N5V,1/25/2016,2357.67,RMP19,11
72,N6C,3/30/2016,696.28,P90,102
38,N0L,7/21/2016,3777.25,TDP,11
34,N5R,1/20/2016,1294.51,PRP,21
57,N0J,3/1/2016,786.99,LOW,19
42,N0L,3/24/2016,1821.12,TDP,22
31,N5P,5/30/2016,783.25,PRP,2
35,N5V,10/9/2016,3399.33,LOW,1
27,N5Z,3/3/2016,737.39,LOW,-2
65,N6K,9/13/2016,1282.62,PRP,2
58,N5P,4/28/2016,1206.86,RMP19,-13
42,N6E,2/29/2016,763.24,SMRT,1
34,N0M,8/2/2016,3412.5,TDP,8
55,N5A,3/2/2016,1179.51,PRP,3
41,N5Y,10/3/2016,2498.32,LOW,2
56,N6C,5/27/2016,813.64,TDP,9
44,N6H,7/4/2016,452.09,PRP,6
59,N6G,9/20/2016,4973.91,TDP,11
34,N5W,8/30/2016,2197.65,PRP,6
36,N6G,2/1/2016,532.89,PRP,4
41,N5P,7/21/2016,1962.36,PRP,20
32,N6C,2/25/2016,475.44,PRP,5
30,N5H,4/22/2016,2087.28,SMRT,9
37,N5R,4/25/2016,1011.88,LOW,-5
63,N5P,4/25/2016,1144.7,PRP,6
56,N5W,3/21/2016,586.51,TDP,11
44,N5Z,9/30/2016,1381.01,LOW,1
49,N5H,9/13/2016,1457.15,RMP19,-12
40,N6K,1/10/2016,2990.75,PRP,0
44,N0N,9/13/2016,1614.01,PRP,2
39,N0L,3/15/2016,1388.3,TDP,5
50,N5R,4/21/2016,2288.91,TDP,24
60,N5V,4/28/2016,938.14,PRP,22
48,N5W,9/3/2016,3150.71,LOW,-201
34,N4G,8/29/2016,340.35,TDP,-14
44,N5X,6/1/2016,1582.07,SMRT,4
46,N6E,9/14/2016,2437.78,RMP19,6
47,N0L,10/6/2016,1011.06,LOW,9
69,N5X,9/28/2016,417.18,RMP,7
33,N6C,1/31/2016,2183.25,LOW,1
78,N6E,1/9/2016,2421.37,PRP,11
64,N0L,10/29/2016,1003.08,PRP,3
67,N6E,2/9/2016,2999.28,TDP,1
70,N0L,3/16/2016,503.82,PRP,-35
56,N0M,5/14/2016,3035.04,LOW,1
35,N5R,10/29/2016,787.91,TDP,3
54,N6E,1/19/2016,1476.59,SMRT,-14
55,N0M,2/29/2016,1590.21,LOW,1
43,N5P,9/3/2016,2141.85,LOW,-196
37,N5V,9/6/2016,268.95,PRP,4
30,N5H,3/1/2016,1861.42,TDP,0
54,N6H,1/26/2016,3100.61,TDP,15
48,N6G,4/13/2016,512.61,PRP,7
45,N5R,8/23/2016,519.74,SMRT,18
35,N6A,10/26/2016,1937.6,SMRT,6
37,N5Y,8/4/2016,1135.95,PRP,6
55,N4T,9/21/2016,1531.57,PRP,-20
51,N5Z,9/13/2016,633.45,LOW,7
37,N0P,6/24/2016,834.25,SMRT,11
42,N6J,4/19/2016,2085.21,SMRT,1
53,N6K,9/24/2016,785.77,LOW,7
62,N6P,9/30/2016,2597.46,PRP,1
48,N5R,2/5/2016,2685.13,LOW,-4
42,N6K,10/3/2016,1086.08,PRP,2
46,N7G,9/1/2016,1793.81,F30,0
46,N7G,9/1/2016,6225.76,TDP,0
46,N6J,8/2/2016,1214.13,TDP,8
50,N6E,2/1/2016,3729.82,F90,0
50,N6E,2/1/2016,694.41,TDP,0
33,N6G,8/27/2016,992.77,P8,5
50,N5R,2/11/2016,555.61,LOW,19
38,N4S,7/23/2016,2663.76,PRP,13
63,N6G,2/3/2016,1278.6,PRP,12
42,N6J,5/6/2016,847.14,PRP,9
52,N6K,3/14/2016,375.5,TDP,6
56,N5Y,3/17/2016,806.39,PRP,-7
58,N0N,5/8/2016,963.12,LOW,12
61,N6J,8/24/2016,1582.66,LOW,8
43,N5V,2/9/2016,1305.35,LOW,1
41,N0N,3/21/2016,640.13,LOW,11
65,N5L,1/31/2016,1596.19,TDP,1
53,N6C,1/15/2016,1263.96,LOW,17
40,N5Y,3/14/2016,2098.72,PRP,22
43,N0L,1/27/2016,1022.88,BK0,114
51,N6J,2/24/2016,453.55,RMP19,-19
61,N6E,2/10/2016,306.84,BK0,5
61,N6E,2/10/2016,666.12,SMRT,5
33,N5V,6/27/2016,2371.01,SMRT,4
50,N5Z,3/17/2016,696.02,PRP,15
58,N5V,2/23/2016,740.32,PRP,7
58,N5V,2/23/2016,740.32,SMRT,7
28,N5H,10/5/2016,1947.57,LOW,0
44,N6J,4/28/2016,468.45,SMRT,3
50,N6E,2/13/2016,2265.76,TDP,17
32,N6E,9/14/2016,2593.16,SMRT,-4
41,N5R,2/14/2016,1405.73,TDP,1
50,N6C,7/18/2016,2063.26,LOW,18
39,N6G,2/29/2016,1462.38,SMRT,1
57,N5W,9/23/2016,913.19,PRP,8
58,N5W,10/20/2016,2323.91,LOW,12
60,N0M,3/5/2016,637.06,TDP,0
42,N5V,9/2/2016,307.19,RMP,-1
59,N0M,2/22/2016,429.56,LOW,-43
41,N6B,4/18/2016,1454.07,LOW,2
25,N0E,2/4/2016,277.02,F8,259
33,N5V,6/17/2016,8577.44,SMRT,3
42,N6E,8/12/2016,1372.03,SMRT,20
43,N6J,7/30/2016,363.23,LOW,2
39,N5X,8/12/2016,943.6,PRP,-11
51,N5V,9/8/2016,1757.72,RMP,12
45,N5W,2/13/2016,1016.61,PRP,2
45,N5W,2/13/2016,296.91,SMRT,2
72,N0L,8/17/2016,1105.97,PRP,-2
26,L5W,8/12/2016,864.09,RMP,-11
34,N0L,1/6/2016,1161.94,LOW,9
49,N6E,4/8/2016,1659.84,SMRT,12
26,N6K,3/7/2016,1019.66,LOW,25
39,N6M,3/9/2016,2172.56,TDP,23
53,N5H,3/28/2016,376.21,PRP,13
40,N6E,3/21/2016,1139.16,PRP,11
33,N7G,2/24/2016,898.44,PRP,20
45,N5R,4/15/2016,1677.19,RMP15,-14
47,N5R,10/28/2016,383.91,LOW,4
36,N5X,10/15/2016,5045.91,RMP,-10
47,N0E,6/20/2016,1092.03,TDP,11
58,N0L,1/14/2016,3727.94,PRP,18
45,N5R,4/29/2016,2074.84,PRP,2
45,N5R,4/29/2016,295.46,RMP19,2
41,N6E,4/22/2016,1408.44,FSP15,141
34,N5H,8/26/2016,6155.92,SMRT,6
46,N6A,3/12/2016,1701.83,RMP19,-31
56,N0L,3/17/2016,402.46,SMRT,15
55,N5V,2/3/2016,674.63,TDP,2
30,N5Y,4/15/2016,893.86,LOW,5
26,N5Z,4/1/2016,770.58,TDP,0
37,N7G,2/13/2016,1678.75,LOW,2
44,N5V,9/27/2016,3012.27,SMRT,4
41,N5H,5/30/2016,893.7,PRP,2
31,N6C,1/23/2016,735.1,LOW,23
37,N0L,5/16/2016,3177.43,F3,108
41,N0L,1/5/2016,791.07,LOW,0
35,N5A,3/10/2016,527.15,TDP,5
36,N5P,2/10/2016,2241.88,LOW,10
48,N5Y,2/19/2016,851.62,RMP15,-30
44,N0M,6/14/2016,558.03,PRP,1
47,N5Z,3/28/2016,1912.75,TDP,4
59,N5R,1/19/2016,4863.62,SMRT,22
26,N0L,5/18/2016,984.09,F90,106
44,N6K,5/4/2016,1222.58,PRP,1
45,N0K,1/16/2016,491.89,SMRT,16
61,N6G,2/21/2016,1957.86,TDP,9
47,N5W,3/24/2016,412.67,PRP,-4
30,N5P,9/13/2016,1057.52,LOW,2
55,N0M,8/30/2016,804.94,TDP,2
44,N5W,8/30/2016,989.09,LOW,2
40,N5X,9/28/2016,493.13,PRP,-39
46,N5R,10/27/2016,871.24,LOW,5
37,N5P,9/30/2016,2210.99,SMRT,5
45,N5R,6/27/2016,783.86,PRP,4
42,N7A,8/29/2016,2877.08,LOW,-196
51,N6E,9/27/2016,737.76,RMP,4
48,N5R,2/8/2016,5019.98,LOW,2
59,N5V,4/29/2016,855.18,TDP,2
30,N5C,3/22/2016,846.15,P3,101
29,N6C,4/13/2016,2602.7,LOW,2
33,N0M,2/2/2016,1191.84,FSP15,28
48,N6H,5/3/2016,1208.97,SMRT,2
30,N6C,3/15/2016,1140.22,F13,5
52,N6C,1/15/2016,1030.86,RMP19,-10
49,N7L,3/16/2016,670.78,SMRT,16
54,N5P,1/29/2016,1066.81,PRP,17
27,N5P,6/28/2016,293.16,RMP,3
40,N5R,2/22/2016,707.39,SMRT,22
36,N5P,5/14/2016,2056.05,RMP15,-43
54,N5R,9/15/2016,735.66,TDP,-10
49,N7G,8/25/2016,557.17,PRP,7
67,N5R,1/18/2016,1346.36,P90,118
40,N6B,9/9/2016,233.06,RMP,36
27,N5H,7/12/2016,2056.92,SMRT,24
56,N6E,8/24/2016,665.89,PRP,8
47,N5P,3/21/2016,237.81,PRP,11
38,N5Y,2/3/2016,992.8,PRP,2
41,N5X,3/17/2016,404.79,LOW,-16
41,N5X,3/17/2016,2618.54,PRP,-16
39,N6H,1/30/2016,1718.13,SMRT,2
41,N5R,2/29/2016,1560.36,SMRT,1
55,N0M,2/19/2016,3383.8,RMP,-18
52,N6E,3/13/2016,334.7,RMP,19
51,N7A,3/9/2016,1793.64,P90,93
32,N5P,2/24/2016,1060.06,TDP,6
67,N0J,11/2/2016,6452.18,LOW,-32
46,N5P,3/14/2016,1365.63,SMRT,18
59,N6J,1/28/2016,2481.42,SMRT,8
75,N6H,1/8/2016,565.83,TDP,2
49,N5V,3/28/2016,295.69,P90,114
36,N0J,2/23/2016,6723.9,RMP19,-13
30,N5Z,2/29/2016,408.28,LOW,1
40,N5V,9/29/2016,3139.46,LOW,2
44,N5Y,1/29/2016,614,LOW,3
43,N5R,7/7/2016,721.5,BK0,-184
35,N6C,1/30/2016,557.48,PRP,2
29,N7G,1/18/2016,1765.08,LOW,-17
40,N6C,2/16/2016,3298.6,PRP,14
37,N6E,3/3/2016,601.45,SMRT,12
56,N6G,7/8/2016,1437.9,TDP,7
41,N6K,1/27/2016,637.71,PRP,19
38,N5V,2/10/2016,1647.42,SMRT,0
33,N0L,10/18/2016,614.12,PRP,-17
66,N6E,1/17/2016,746.48,PRP,34
61,N5W,6/1/2016,595.17,BK0,14
39,N5V,3/28/2016,425.54,SMRT,4
34,N6C,2/23/2016,575.31,SMRT,-13
54,N0L,8/17/2016,997.87,PRP,15
53,N6J,7/14/2016,1548.59,RMP,-4
57,N5Y,9/2/2016,1744.39,LOW,3
34,N5R,7/27/2016,2903.14,RMP,-7
43,N5R,9/22/2016,2746.19,SMRT,9
37,N6G,9/2/2016,1608.22,LOW,3
37,N5P,2/3/2016,832.92,LOW,12
70,N6K,1/17/2016,124.82,CBR,29
40,N6K,3/15/2016,513.03,CB,5
42,N5P,7/2/2016,2827.55,SMRT,-1
49,L9T,9/20/2016,1999.84,SMRT,11
43,N7L,4/29/2016,933.16,SMRT,2
37,N6G,7/21/2016,1219.53,LOW,20
52,N0L,2/1/2016,856.17,LOW,9
36,N4X,10/7/2016,1669.25,F30,8
36,N4X,10/7/2016,2938.74,LOW,8
36,N4X,10/7/2016,706.72,P5,8
47,N6E,1/30/2016,322.58,LOW,2
34,N0J,9/1/2016,3857.9,PRP,0
40,N5V,2/29/2016,2674.85,P6,199
40,N5V,2/29/2016,184.54,P7,199
59,N6K,3/22/2016,538.47,BK0,-21
52,N7A,1/14/2016,584.57,PRP,18
69,N4Z,1/8/2016,965.33,SMRT,2
28,N6E,4/22/2016,289.77,F5,176
49,N5V,1/9/2016,1386.79,PRP,1
69,N5R,10/5/2016,1694.62,SMRT,5
26,N5P,10/19/2016,628.83,LOW,-18
52,N6C,9/24/2016,1613.21,LOW,26
59,N6K,2/13/2016,1587.22,RMP15,-12
26,N4B,10/20/2016,1697.22,TDP,12
45,N6J,2/26/2016,1952.43,PRP,4
46,N4S,1/30/2016,688.68,LOW,2
45,N0L,4/1/2016,2470.24,PRP,0
45,N0L,4/1/2016,413.8,TDP,0
54,N5V,7/4/2016,1934.25,BK0,-111
49,N4S,4/29/2016,1439.89,SMRT,2
45,N0M,2/17/2016,1185.77,SMRT,3
46,N6E,1/10/2016,1944.98,TDP,0
53,N5V,1/10/2016,789.94,LOW,0
35,N6K,3/3/2016,1058.42,SMRT,2
31,N6J,1/12/2016,1484.8,RMP15,-11
30,N7G,9/9/2016,1700.64,LOW,11
26,N6E,5/19/2016,198.14,TDP,13
32,N6J,2/13/2016,878.8,LOW,17
36,N5H,2/11/2016,556.44,LOW,19
52,N6J,3/10/2016,1994.18,RMP,26
27,N6E,1/14/2016,1171.17,TDP,18
42,N7G,2/2/2016,204.48,P30,89
36,N0M,2/21/2016,805.85,LOW,9
23,N5Z,9/29/2016,440.17,LOW,21
43,N6C,2/25/2016,834.21,CC0,-51
36,N6E,10/12/2016,1103.98,CC0,-7
33,N6C,2/10/2016,859.97,LOW,5
76,N0M,4/6/2016,1966.34,PRP,14
39,N0L,2/23/2016,1208.43,PRP,7
30,N6H,1/5/2016,1091.64,LOW,10
46,N0L,9/6/2016,680.91,CB,29
31,N7G,7/4/2016,502.01,PRP,-3
41,N5W,4/29/2016,514.19,PRP,6
34,N5W,6/7/2016,585.8,SMRT,-2
42,N6B,2/24/2016,1416.33,RMP,10
35,N5W,7/28/2016,1451.6,RMP,-8
35,N0L,1/5/2016,10728.16,RMP19,15
35,N0L,1/5/2016,8109.85,SMRT,15
27,N5X,11/3/2016,552.85,PRP,-63
55,N5V,8/2/2016,1262.2,PRP,3
39,N6E,7/26/2016,1639.77,BK0,37
36,N5P,6/10/2016,1447.22,FSP,-5
27,N5Z,7/6/2016,734.75,PRP,4
52,N5L,1/10/2016,1110.87,PRP,0
26,N6C,8/9/2016,414.31,RMP19,23
26,N6C,8/9/2016,485.37,SMRT,23
53,N4G,1/19/2016,778.5,SMRT,22
31,N6G,9/6/2016,1239.77,LOW,14
51,N5P,10/4/2016,2946.59,RMP,1
31,N5W,2/17/2016,1453.36,PRP,3
25,L1J,8/18/2016,1159.45,LOW,2
50,N5R,2/26/2016,1127.48,RMP19,-21
69,N5Y,1/7/2016,2062.72,PRP,3
34,N5Y,1/4/2016,595.9,LOW,6
30,N6B,1/14/2016,1155.04,LOW,1
24,N5X,9/29/2016,681.84,SMRT,2
38,N6K,3/20/2016,282.67,LOW,0
71,N0M,5/25/2016,1533.57,TDP,11
25,N5W,3/2/2016,707.88,SMRT,-1
47,N6C,2/4/2016,645.97,PRP,1
58,N6J,1/7/2016,527.14,LOW,3
49,N5Y,6/27/2016,514.1,RMP,-159
55,N5Y,8/30/2016,2453.85,LOW,-242
43,N6H,1/27/2016,787.47,LOW,5
64,N6K,3/16/2016,405.87,SMRT,16
24,N6C,1/29/2016,571.95,LOW,3
25,N5Z,6/16/2016,986.68,LOW,15
52,N5Z,2/1/2016,2641.37,SMRT,4
27,N4T,9/12/2016,921.15,TDP,-2
37,N6E,9/13/2016,1167.42,LOW,2
27,N5H,3/17/2016,463.68,PRP,15
27,N5H,9/1/2016,2823.86,LOW,0
55,N0K,4/12/2016,1619.72,LOW,19
23,N5Z,8/27/2016,572.81,FSP,-170
29,N5Y,8/8/2016,2383.79,SMRT,24
56,N0M,3/7/2016,1566.83,SMRT,-6
28,ODZ,1/15/2016,19782.84,CC0,46
28,ODZ,1/15/2016,2444.16,SMRT,46
48,N5V,3/2/2016,2943,SMRT,-1
48,N5V,3/29/2016,1266.94,SMRT,3
24,N6C,3/5/2016,874.84,SMRT,-4
27,N0L,3/3/2016,1625.64,RMP,12
50,N5R,3/24/2016,1205.56,RMP19,-23
36,N0L,4/22/2016,1893.36,PRP,9
52,N6C,1/30/2016,1674.53,SMRT,21
57,N6E,1/27/2016,1284.67,TDP,9
55,N6L,2/2/2016,2894.48,PRP,8
47,N4G,1/29/2016,2659.76,TDP,17
43,N5Z,2/21/2016,2005.2,PRP,23
39,N5H,3/5/2016,2255.07,RMP19,-14
40,N6H,2/14/2016,1861.57,RMP,6
37,N6G,1/2/2016,1561.85,CC0,78
38,N6L,3/17/2016,599.84,PRP,3
52,N4S,2/18/2016,1846.64,LOW,12
27,N6C,4/27/2016,638.05,BK0,-57
27,N6C,4/27/2016,2864.92,SMRT,-57
27,N6C,4/27/2016,2864.92,TDP,-57
48,N7A,1/21/2016,662.11,SMRT,11
34,N6G,9/19/2016,3044.71,SMRT,1
41,N6E,1/11/2016,2876.41,PRP,-1
40,N7G,3/30/2016,1246.24,LOW,2
49,N5R,2/24/2016,1014.24,LOW,6
62,N5Y,10/3/2016,1040.14,PRP,2
48,N6E,4/14/2016,6730.6,LOW,-4
54,N4G,5/28/2016,2045.38,P3,105
31,N5X,3/7/2016,2950.19,LOW,8
41,N5W,7/14/2016,1260.75,SMRT,-24
71,N6C,2/1/2016,834.38,TDP,19
77,N4T,4/25/2016,2849.08,SMRT,6
31,N5Y,5/31/2016,926.76,PRP,1
57,N5P,4/12/2016,4545.25,PRP,19
45,N5V,5/27/2016,609.57,LOW,9
24,N6H,1/14/2016,1832.21,PRP,18
52,N0M,4/18/2016,2994.11,PRP,13
48,N5R,5/31/2016,3091.73,PRP,1
25,N5Z,3/12/2016,1835.23,LOW,-31
44,N6C,2/10/2016,308.57,F30,55
25,N5W,3/23/2016,325.97,P6,196
40,N0J,5/11/2016,3295.72,PRP,-1
40,N6J,3/29/2016,1106.37,RMP19,-28
38,N6G,2/29/2016,1150.73,SMRT,1
29,N5Y,2/3/2016,2329.43,SMRT,2
31,N4S,1/5/2016,2167.65,RMP19,15
67,N5P,4/8/2016,1865.57,P2,73
37,N6K,7/30/2016,2426.22,RMP19,-40
45,N5V,1/10/2016,2540.04,LOW,-9
45,N5V,1/10/2016,1950.63,P7,-9
38,N6J,4/5/2016,2590.68,LOW,-16
31,N6E,3/15/2016,335.7,LOW,17
24,N0P,1/15/2016,607.13,LOW,0
37,N5R,1/8/2016,2283.53,LOW,2
46,N5V,1/13/2016,575.58,SMRT,-12
51,L1K,3/29/2016,739.04,SMRT,3
32,N5V,2/27/2016,1509.82,PRP,3
62,N0K,2/2/2016,1484.86,PRP,59
47,N5P,1/16/2016,2434.28,F4,35
51,N5Y,7/16/2016,1450.7,LOW,16
46,N6H,7/22/2016,625.84,TDP,10
30,N5C,8/3/2016,339.47,SMRT,7
37,N6H,9/4/2016,1558.54,TDP,1
34,N6J,10/3/2016,3255.72,PRP,2
68,N0M,7/8/2016,2682.77,PRP,7
25,N5R,9/27/2016,421.51,LOW,4
49,N6M,8/5/2016,1206.88,TDP,5
31,N6B,10/6/2016,2437.14,BK0,-31
40,N5X,8/1/2016,6902.2,PRP,31
70,N6J,5/17/2016,1675.26,F2,76
43,N4G,10/31/2016,7843.32,TDP,1
40,N6C,8/31/2016,1051.11,RMP,1
59,N0L,10/12/2016,667.61,RMP,-11
59,N0L,10/12/2016,1496.34,SMRT,-11
33,N6B,9/19/2016,622.86,TDP,12
43,N0J,9/26/2016,1222.85,PRP,-6
55,L5M,9/12/2016,5776.79,SMRT,8
34,N6K,9/13/2016,2242.97,LOW,18
26,N5V,9/10/2016,1260.29,PRP,-21
36,N6E,9/19/2016,741.18,F30,1
32,N6C,9/20/2016,745.1,PRP,-19
24,N0M,9/30/2016,1291.41,LOW,1
68,N6H,9/26/2016,4376.7,LOW,5
35,N8M,9/30/2016,1152.19,LOW,1
53,N5C,9/30/2016,4139.85,SMRT,1
43,N0L,1/22/2016,1470.21,P8,257
43,N0L,1/22/2016,2093.65,SMRT,257
23,N6E,1/31/2016,1670.43,RMP15,253
73,N5X,10/15/2016,1544.27,RMP19,-10
38,N6E,3/26/2016,2156.57,SMRT,10
34,N5P,4/18/2016,1778.48,RMP,2
35,N6E,3/23/2016,4429.94,PRP,9
61,N6K,4/6/2016,1281.88,RMP19,-5
51,N0L,8/10/2016,681.41,P2,52
35,N6E,10/17/2016,1034.59,LOW,3
41,N4X,3/22/2016,1020.87,PRP,10
55,N0L,10/12/2016,614.44,TDP,3
27,N0M,10/28/2016,278.33,SMRT,4
25,N5V,10/25/2016,528.36,SMRT,7
34,N5P,10/29/2016,2349.36,TDP,3
23,N6K,4/11/2016,515.93,SMRT,-10
47,N6J,1/11/2016,677.93,SMRT,9
41,N5Y,5/11/2016,745.41,BK0,-1
24,N6G,2/23/2016,2228.55,F30,38
27,N5V,5/25/2016,1378.48,LOW,7
22,N5P,6/14/2016,613.38,CB6,83
54,N5Z,1/31/2016,908.37,FL36,49
43,N6K,8/30/2016,1130.21,RMP,2
52,N0L,9/17/2016,664.93,TDP,-2
32,N6G,4/4/2016,1072.04,SMRT,11
28,N5V,2/23/2016,809.11,PRP,7
50,N0L,4/26/2016,818.74,LOW,5
28,N6H,4/29/2016,538.48,LOW,2
32,N0L,7/26/2016,836.12,TDP,15
29,N6E,5/20/2016,2010.56,SMRT,-5
35,N6J,5/16/2016,567.36,LOW,4
25,N6E,3/14/2016,4816.44,SMRT,18
26,N0L,5/27/2016,733.94,LOW,5
23,N6H,4/20/2016,333.89,PRP,0
44,N4S,4/25/2016,3357.39,LOW,6
26,N0M,3/30/2016,820.47,LOW,2
25,N0L,3/6/2016,396.24,F90,96
32,N5V,5/3/2016,672.83,RMP19,-13
25,N5P,1/14/2016,571.29,LOW,18
38,N5W,7/14/2016,171.28,CBR,37
38,N5C,2/25/2016,550.46,F2,116
38,N5C,2/25/2016,550.46,F90,116
46,N0J,8/2/2016,1639.4,LOW,-1
40,N5Y,10/15/2016,562.79,RMP,5
66,N6E,3/19/2016,1125.86,F18,166
68,N6G,1/8/2016,1279.17,PRP,7
66,N6E,1/6/2016,799.88,TDP,9
59,N5H,9/7/2016,870.76,LOW,8
33,N6K,5/12/2016,265.34,LOW,3
33,N4G,10/28/2016,447.53,PRP,4
59,N0M,3/14/2016,3659.07,LOW,6
30,N5V,4/11/2016,911.75,LOW,34
64,N5L,10/17/2016,605.11,P90,3
38,N5V,10/25/2016,1336.13,LOW,7
25,N5W,1/22/2016,537.61,PRP,10
54,N5C,11/1/2016,684.39,RMP19,0
40,N4G,10/20/2016,2196.86,LOW,12
28,N0M,3/8/2016,2100.14,SMRT,2
26,N4G,3/30/2016,1718.18,LOW,2
38,N6J,3/30/2016,1907.11,LOW,2
56,N6K,6/3/2016,606.29,RMP19,-85
24,N5V,5/7/2016,1445.66,LOW,8
38,N6C,3/23/2016,1484.3,P90,104
26,N0M,9/30/2016,1269.34,LOW,1
34,N5C,1/26/2016,511.51,P90,96
38,N4T,3/7/2016,1400.91,P2,86
38,N4T,3/7/2016,1359.17,P90,86
31,N5R,5/17/2016,170.67,LOW,15
31,N0M,4/16/2016,247.91,P23,85
32,N6C,7/12/2016,909.38,PRP,3
46,N5P,10/30/2016,479.68,PRP,2
43,N0L,6/14/2016,454.35,P2,88
73,N6J,9/29/2016,1003.23,LOW,2
25,N5X,9/30/2016,653.25,LOW,1
35,N5V,6/28/2016,591.95,P90,95
68,N6C,1/21/2016,2003.87,SMRT,20
46,N6J,6/10/2016,2027.1,PRP,10
70,N5Y,1/19/2016,1030.52,PRP,13
59,N6E,4/5/2016,2636.87,TDP,-45
53,N7G,2/1/2016,923.78,PRP,0
47,N4G,3/6/2016,2125.87,TDP,14
49,N5R,6/12/2016,2431.52,RMP19,-2
49,N5R,6/12/2016,2431.52,SMRT,-2
51,N5R,6/13/2016,1716.55,TDP,2
42,N5V,10/9/2016,993.7,PRP,6
42,N0P,9/2/2016,3730.48,LOW,-166
66,N5V,5/10/2016,3956.12,RMP15,5
48,N7G,8/13/2016,2684.04,SMRT,2
52,N9B,7/20/2016,5363.31,CC0,-170
57,N7G,9/12/2016,60.38,SMRT,8
44,N0L,1/16/2016,1598.2,LOW,4
49,N5Z,6/13/2016,1255.87,PRP,37
59,N5X,7/25/2016,1128.62,P12,7
35,N6H,4/20/2016,712.7,P2,51
53,N6C,8/26/2016,1852.42,TDP,6
34,N5V,1/11/2016,781.63,PRP,-1
46,N0M,8/29/2016,539.12,PRP,3
29,N5V,4/9/2016,1121.98,RMP15,1
70,N0P,5/14/2016,2633.65,P90,88
32,N4S,6/21/2016,2936.97,SMRT,14
43,ODZ,2/25/2016,1713.72,RMP15,-46
47,N5P,9/13/2016,649.76,PRP,-8
36,N5V,1/4/2016,777.66,PRP,6
38,N6J,10/25/2016,3680.32,PRP,7
65,N6J,5/21/2016,997.73,SMRT,11
44,N5Y,3/29/2016,977.19,PRP,7
35,N6C,3/3/2016,1916.64,PRP,-12
44,N6C,6/10/2016,1755.54,SMRT,30
36,N6E,1/7/2016,4107.21,F2,54
39,N5R,2/18/2016,2109.92,SMRT,-17
44,N6E,4/12/2016,1649.22,LOW,-67
49,N6J,6/29/2016,917.33,SMRT,2
50,N6P,1/4/2016,441.23,PRP,-3
33,L9T,4/27/2016,564.77,PRP,4
46,N5Y,9/26/2016,2829.96,TDP,5
61,N5Z,1/10/2016,744.17,SMRT,0
48,N5V,10/21/2016,1468.6,RMP19,-20
62,N0L,4/6/2016,1438.15,PRP,4
53,N5Z,8/6/2016,1920.88,LOW,9
43,N7G,1/22/2016,3668.28,RMP,-2
33,N6J,9/14/2016,802.64,TDP,17
38,N0L,3/24/2016,771.31,P2,83
38,N5W,8/26/2016,295.62,RMP,-6
57,N5W,3/29/2016,880.92,LOW,-14
29,N6K,1/27/2016,843.68,PRP,-7
27,N6C,8/31/2016,1310.95,PRP,1
24,N5P,10/5/2016,988.84,SMRT,5
43,N6H,10/29/2016,1759.9,LOW,-9
27,N6J,7/30/2016,1230.83,RMP19,16
33,N6J,8/20/2016,2379.2,PRP,0
46,N4V,7/13/2016,2138.48,LOW,19
54,N0L,1/16/2016,1270.52,SMRT,-6
54,N0M,6/21/2016,2618.62,SMRT,19
59,N6K,2/1/2016,6299.06,PRP,0
33,N5W,1/31/2016,525.03,SMRT,1
33,N6C,9/4/2016,2440.5,TDP,1
25,N5W,7/31/2016,1067.12,PRP,5
39,N5W,1/20/2016,372.19,SMRT,0
35,N5P,5/3/2016,6706.94,LOW,12
36,N6J,2/29/2016,1526.9,LOW,1
49,N5V,1/14/2016,290.38,P90,87
32,N5W,3/15/2016,314.58,PRP,-5
30,N7G,5/31/2016,678.52,PRP,1
46,N6E,1/15/2016,1374.93,F6,187
46,N6E,1/15/2016,756.82,RMP,187
65,N6J,8/15/2016,2070.59,LOW,26
37,N6E,9/22/2016,2810.71,SMRT,-21
41,N0M,1/26/2016,1889.47,PRP,20
40,L2P,7/9/2016,359.82,LOW,1
68,N5Z,2/8/2016,1747.59,PRP,12
27,N5R,8/29/2016,2152.53,SMRT,-196
28,N5P,2/18/2016,1183.4,LOW,21
25,N6C,7/5/2016,1521.53,RMP,-4
25,N6C,7/5/2016,1521.53,RMP19,-4
22,N4X,5/17/2016,504.35,SMRT,15
28,N5P,10/12/2016,562.83,SMRT,8
35,N5C,10/4/2016,966.96,RMP19,-182
44,N5V,1/27/2016,3302.7,SMRT,5
32,N6G,6/13/2016,801.76,SMRT,27
35,N6J,7/8/2016,566.38,PRP,7
34,N5W,9/17/2016,214.36,CBR,33
33,N0E,10/31/2016,878.32,SMRT,1
64,N6E,3/21/2016,374.45,SMRT,11
51,N6C,10/17/2016,298.26,PRP,3
73,N8N,5/29/2016,823.1,P18,95
64,N8P,9/13/2016,1536.25,LOW,2
53,N9J,8/15/2016,1066.96,TDP,17
49,N8R,8/31/2016,693.97,PRP,5
45,N8R,3/3/2016,597.56,SMRT,2
54,N0P,5/4/2016,1270.54,PRP,11
56,N0P,1/25/2016,1985.5,LOW,16
64,N7M,5/16/2016,6381.28,SMRT,-1
52,N7L,7/22/2016,1865,TDP,-2
47,N0P,8/16/2016,685.06,PRP,4
61,N7M,1/22/2016,618.1,TDP,14
46,N8A,8/23/2016,872.55,TDP,9
60,N7M,1/7/2016,431.48,PRP,3
71,N7V,6/2/2016,379.16,PRP,-1
53,N7T,1/15/2016,406.68,RMP15,-5
74,N0N,8/14/2016,337.29,PRP,18
63,N0N,2/15/2016,1761.63,PRP,0
43,N7T,8/3/2016,1753.17,PRP,2
67,N7T,7/10/2016,630.86,LOW,0
61,N7W,1/18/2016,1505.16,TDP,2
56,N0M,4/14/2016,1083.05,SMRT,26
32,N7T,4/29/2016,1644.7,LOW,-50
54,N9V,7/5/2016,519.61,P30,88
54,N9V,7/5/2016,519.61,P90,88
57,N8M,3/1/2016,760.66,P4,122
80,N8Y,6/3/2016,579.71,TDP,2
61,N8T,8/22/2016,2424.02,TDP,10
40,N8T,2/3/2016,830.44,PRP,2
58,N8M,9/6/2016,2091.84,PRP,14
15,N8W,4/28/2016,801.38,TDP,7
77,N9B,9/28/2016,774.57,LOW,3
54,N9J,1/18/2016,2374.29,LOW,18
51,N9B,8/6/2016,779.69,F2,4
51,N9B,8/6/2016,348.32,SMRT,4
59,N9C,1/2/2016,809.48,TDP,3
115,N8W,4/12/2016,394.35,TDP,-2
69,N9H,1/29/2016,1361.55,P90,93
63,N8Y,4/22/2016,912.45,LOW,28
63,N8Y,4/22/2016,3197.39,PRP,28
49,N9C,10/6/2016,2248.49,PRP,26
49,N9B,1/10/2016,750.51,PRP,0
52,N8P,1/19/2016,415.65,LOW,13
60,N0R,3/7/2016,165.88,P36,55
58,N9B,3/9/2016,1262.44,PRP,11
48,N8W,1/31/2016,1471.07,SMRT,1
52,N8T,3/9/2016,494.42,RMP19,-23
41,N9E,4/12/2016,2423.05,PRP,28
41,N9E,4/12/2016,656.1,RMP19,28
45,N8Y,2/20/2016,895.64,PRP,-10
